{"stats":{"minecraft:picked_up":{"minecraft:wooden_axe":1,"minecraft:iron_chestplate":1,"minecraft:creeper_head":3,"minecraft:flower_pot":1,"minecraft:smithing_table":8,"minecraft:lead":2,"minecraft:oak_stairs":2,"minecraft:brown_bed":7,"artifacts:chorus_totem":1,"minecraft:enchanted_book":9,"minecraft:brewing_stand":5,"minecraft:amethyst_block":3,"minecraft:polished_blackstone_brick_stairs":1,"minecraft:string":14,"minecraft:beetroot":108,"minecraft:gold_nugget":135,"minecraft:cobbled_deepslate":87,"minecraft:melon_slice":90,"minecraft:mangrove_log":32,"minecraft:polished_blackstone_stairs":2,"born_in_chaos_v1:shattered_skull":1,"minecraft:composter":18,"minecraft:green_bed":1,"minecraft:acacia_log":103,"minecraft:cauldron":3,"minecraft:yellow_banner":7,"minecraft:orange_bed":3,"minecraft:light_gray_bed":7,"create:scoria":2,"create:ochrum":1,"iceandfire:deathworm_chitin_yellow":20,"iceandfire:fire_dragon_heart":3,"minecraft:iron_block":1,"supplementaries:ash":60,"minecraft:feather":5,"minecraft:cooked_beef":7,"minecraft:jungle_log":150,"minecraft:copper_block":14,"minecraft:jungle_wood":38,"minecraft:smoker":1,"minecraft:flint":4,"minecraft:lantern":1,"undead_revamp2:blacpetalblock":1,"luminousworld:elephant_grass":2,"minecraft:glowstone_dust":8,"ecologics:prickly_pear":6,"iceandfire:dragon_skull_fire":6,"minecraft:crimson_door":2,"minecraft:acacia_stairs":1,"alexsmobs:animal_dictionary":2,"minecraft:dark_oak_log":9,"undead_revamp2:heavytooth":4,"minecraft:bundle":1,"minecraft:iron_hoe":2,"alexsmobs:guster_eye":2,"minecraft:writable_book":1,"minecraft:granite":3,"minecraft:chainmail_helmet":4,"minecraft:bread":76,"born_in_chaos_v1:rotten_fish":1,"minecraft:dark_oak_fence":1,"sophisticatedbackpacks:gold_backpack":1,"minecraft:diamond_pickaxe":1,"luminousworld:groundpebbles_1":4,"minecraft:crafting_table":4,"minecraft:sandstone_slab":18,"minecraft:clay_ball":19,"luminousworld:trout":1,"minecraft:crimson_trapdoor":1,"minecraft:acacia_button":3,"minecraft:red_bed":1,"born_in_chaos_v1:intoxicating_decoction":1,"minecraft:iron_shovel":1,"luminousworld:palm_log":10,"minecraft:cartography_table":6,"minecraft:beef":3,"born_in_chaos_v1:gnawed_bones":6,"minecraft:cyan_wool":6,"minecraft:poppy":6,"minecraft:jungle_sapling":5,"minecraft:iron_nugget":26,"minecraft:chest":9,"minecraft:sandstone":29,"quark:jungle_chest":2,"iceandfire:deathworm_chitin_white":9,"minecraft:carrot":275,"minecraft:redstone":8,"minecraft:tnt":2,"minecraft:beetroot_seeds":344,"minecraft:hay_block":48,"minecraft:gold_ingot":8,"minecraft:totem_of_undying":2,"minecraft:polished_blackstone":6,"minecraft:glow_berries":1,"minecraft:white_wool":25,"minecraft:bone_block":13,"minecraft:stripped_oak_log":52,"iceandfire:sea_serpent_fang":7,"born_in_chaos_v1:monster_flesh":10,"luminousworld:ishstone":20,"alexsmobs:acacia_blossom":5,"minecraft:filled_map":1,"minecraft:oak_log":224,"minecraft:paper":10,"minecraft:apple":3,"minecraft:stone_bricks":159,"mowziesmobs:umvuthana_mask_rage":1,"minecraft:kelp":2,"minecraft:glass_bottle":2,"minecraft:gray_bed":4,"minecraft:dark_oak_stairs":7,"minecraft:smooth_basalt":11,"iceandfire:copper_nugget":24,"minecraft:dark_oak_slab":1,"minecraft:red_wool":6,"born_in_chaos_v1:ethereal_spirit":5,"minecraft:gravel":77,"minecraft:spruce_log":2,"minecraft:purple_bed":5,"minecraft:slime_ball":12,"minecraft:stone_axe":17,"minecraft:polished_diorite":28,"minecraft:oak_button":1,"minecraft:brown_banner":2,"minecraft:melon_seeds":22,"iceandfire:deathworm_egg":2,"minecraft:wheat":368,"minecraft:black_carpet":1,"minecraft:sentry_armor_trim_smithing_template":8,"minecraft:potion":2,"iceandfire:myrmex_jungle_chitin":3,"minecraft:gilded_blackstone":6,"minecraft:stone_brick_stairs":2,"tombstone:grave_key":1,"minecraft:raw_copper":244,"minecraft:iron_leggings":2,"minecraft:armor_stand":1,"minecraft:zombie_head":1,"minecraft:oak_sign":1,"alexsmobs:banana":2,"minecraft:bucket":1,"minecraft:eye_armor_trim_smithing_template":2,"minecraft:cobblestone_slab":6,"minecraft:calcite":2,"minecraft:iron_pickaxe":1,"iceandfire:dragonscales_red":13,"minecraft:furnace":6,"minecraft:stick":65,"supplementaries:speaker_block":2,"born_in_chaos_v1:phantom_powder":1,"minecraft:torch":64,"minecraft:porkchop":24,"minecraft:pointed_dripstone":1,"tombstone:grave_dust":10,"minecraft:diorite":15,"born_in_chaos_v1:nightmare_claw":2,"quark:ancient_tome":4,"minecraft:cactus":10,"minecraft:rotten_flesh":109,"iceandfire:dragonegg_bronze":1,"supplementaries:antique_ink":4,"minecraft:mangrove_roots":5,"undead_revamp2:arapholia":1,"minecraft:cobblestone":358,"luminousworld:savannah_ground":15,"minecraft:andesite":39,"minecraft:black_bed":1,"minecraft:potato":357,"minecraft:tuff":5,"create:raw_zinc":69,"supplementaries:flax_seeds":17,"minecraft:lapis_lazuli":99,"minecraft:dirt":188,"iceandfire:dragonscales_bronze":13,"born_in_chaos_v1:monster_skin":13,"minecraft:bone":54,"minecraft:acacia_planks":3,"iceandfire:myrmex_jungle_resin":1,"minecraft:wheat_seeds":224,"minecraft:raw_gold":18,"minecraft:bell":1,"minecraft:grindstone":9,"minecraft:fletching_table":11,"minecraft:bamboo":11,"minecraft:oak_planks":31,"minecraft:poisonous_potato":1,"minecraft:polished_blackstone_slab":1,"minecraft:sand":239,"minecraft:jungle_planks":18,"minecraft:cyan_bed":5,"minecraft:dark_prismarine_slab":7,"minecraft:diamond":9,"minecraft:crossbow":2,"minecraft:bone_meal":20,"minecraft:golden_apple":4,"minecraft:emerald":57,"minecraft:oak_sapling":60,"minecraft:netherrack":4,"iceandfire:silver_nugget":4,"minecraft:allium":12,"minecraft:cocoa_beans":22,"born_in_chaos_v1:diamond_termite_shard":9,"iceandfire:fire_lily":1,"iceandfire:chain":1,"minecraft:gold_block":6,"minecraft:chain":1,"minecraft:iron_axe":1,"minecraft:birch_fence":38,"minecraft:dark_prismarine_stairs":1,"minecraft:oak_boat":1,"minecraft:lectern":653,"minecraft:sugar_cane":728,"minecraft:raw_iron":48,"iceandfire:dragonbone":96,"iceandfire:dragonscales_green":134,"iceandfire:deathworm_chitin_red":9,"minecraft:copper_ingot":40,"minecraft:polished_blackstone_bricks":2,"minecraft:stone_button":2,"quark:birch_chest":8,"minecraft:light_blue_bed":1,"iceandfire:deathworm_egg_giant":2,"minecraft:dark_oak_planks":43,"minecraft:arrow":53,"alexscaves:spelunkery_table":4,"minecraft:black_banner":1,"born_in_chaos_v1:corpse_maggot":29,"minecraft:basalt":6,"minecraft:leather":13,"minecraft:chainmail_chestplate":6,"iceandfire:ectoplasm":1,"minecraft:yellow_bed":2,"minecraft:gunpowder":10,"iceandfire:deathworm_tounge":1,"minecraft:red_nether_brick_stairs":1,"minecraft:gray_carpet":11,"minecraft:iron_ingot":117,"supplementaries:soap_block":1,"iceandfire:sea_serpent_scales_deepblue":9,"iceandfire:fire_dragon_flesh":13,"minecraft:acacia_sapling":7,"minecraft:green_dye":3,"minecraft:book":198,"minecraft:oak_slab":7,"minecraft:pink_bed":3,"minecraft:emerald_block":2,"minecraft:pumpkin":7,"minecraft:chiseled_stone_bricks":11,"iceandfire:ash":1,"born_in_chaos_v1:dark_rod":1,"minecraft:amethyst_shard":20,"minecraft:blast_furnace":25,"minecraft:white_bed":2,"quark:oak_chest":2,"minecraft:polished_diorite_stairs":11,"minecraft:pumpkin_seeds":16,"minecraft:iron_helmet":2,"tombstone:magic_scroll":1,"minecraft:coal":333},"minecraft:killed":{"illagerinvasion:archivist":2,"alexsmobs:lobster":1,"born_in_chaos_v1:restless_spirit":2,"born_in_chaos_v1:zombie_lumberjack":1,"illagerinvasion:basher":1,"undead_revamp2:theswarmer":1,"minecraft:skeleton":2,"enemyexpansion:vampflyer":1,"luminousworld:hollow":9,"minecraft:iron_golem":7,"undead_revamp2:theheavy":1,"born_in_chaos_v1:dread_hound_not_despawn":8,"minecraft:zombie":6,"born_in_chaos_v1:corpse_fly":21,"enemyexpansion:botfly":2,"born_in_chaos_v1:door_knight":1,"iceandfire:sea_serpent":1,"enemyexpansion:trollenraged":1,"minecraft:evoker":1,"minecraft:vindicator":1,"illagerinvasion:marauder":2,"quark:toretoise":1,"alexsmobs:seagull":1,"enemyexpansion:scorpion":3,"minecraft:husk":1,"alexsmobs:guster":3,"born_in_chaos_v1:bone_imp_minion":1,"undead_revamp2:the_moonflower":6,"enemyexpansion:sprinter":1,"minecraft:wandering_trader":1,"born_in_chaos_v1:decrepit_skeleton":7,"born_in_chaos_v1:bloody_gadfly":1,"undead_revamp2:thesomnolence":2,"iceandfire:ghost":7,"born_in_chaos_v1:dark_vortex":1,"naturalist:lizard":1,"minecraft:spider":1,"undead_revamp2:thesmoker":4,"naturalist:snail":1,"illagerinvasion:provoker":2,"minecraft:silverfish":3,"artifacts:mimic":1,"minecraft:pig":9,"born_in_chaos_v1:diamond_termite":9,"illagerinvasion:alchemist":1,"minecraft:creeper":2,"born_in_chaos_v1:zombie_fisherman":1,"luminousworld:savannah_skeleton":4,"born_in_chaos_v1:dread_hound":5,"undead_revamp2:thegliter":1,"born_in_chaos_v1:zombie_clown_not_despawn":1,"enemyexpansion:direwolf":6,"born_in_chaos_v1:maggot":18,"iceandfire:fire_dragon":2,"takesapillage:clay_golem":3,"born_in_chaos_v1:corpse_fish":1,"iceandfire:deathworm":7,"enemyexpansion:goblin":1,"luminousworld:savannah_zombie":3,"enemyexpansion:starved":2,"born_in_chaos_v1:baby_skeleton":3,"born_in_chaos_v1:swarmer":2,"mowziesmobs:umvuthana_follower_raptor":5,"born_in_chaos_v1:decaying_zombie":1,"born_in_chaos_v1:nightmare_stalker":2,"minecraft:villager":6,"enemyexpansion:slugger":1},"minecraft:used":{"minecraft:beetroot":15,"minecraft:writable_book":3,"minecraft:ladder":8,"minecraft:chest":23,"minecraft:stone":3,"minecraft:rotten_flesh":6,"minecraft:cocoa_beans":12,"minecraft:acacia_sapling":4,"minecraft:acacia_button":4,"minecraft:dark_oak_slab":12,"minecraft:stone_brick_stairs":2,"minecraft:oak_sapling":32,"supplementaries:ash":5,"minecraft:furnace":3,"minecraft:potato":12,"minecraft:composter":6,"minecraft:golden_apple":4,"minecraft:glow_berries":1,"minecraft:sand":33,"minecraft:blast_furnace":27,"minecraft:pumpkin_seeds":16,"minecraft:birch_fence":6,"minecraft:chiseled_sandstone":1,"minecraft:lectern":654,"minecraft:dark_oak_fence":5,"minecraft:smithing_table":9,"minecraft:oak_boat":2,"tombstone:scroll_of_lightning_resistance":1,"minecraft:acacia_log":5,"minecraft:netherrack":4,"minecraft:stick":9,"minecraft:orange_bed":3,"minecraft:torch":350,"create:ochrum":1,"minecraft:polished_diorite":11,"minecraft:iron_axe":892,"minecraft:jungle_log":1,"supplementaries:speaker_block":3,"minecraft:totem_of_undying":1,"minecraft:melon_seeds":21,"tombstone:gift":9,"undead_revamp2:arapholia":1,"minecraft:cobbled_deepslate":67,"minecraft:acacia_planks":34,"minecraft:wheat_seeds":55,"minecraft:yellow_banner":1,"minecraft:cartography_table":7,"minecraft:fletching_table":13,"iceandfire:deathworm_yellow_boots":1,"minecraft:oak_slab":9,"minecraft:crafting_table":9,"minecraft:red_bed":1,"minecraft:white_bed":4,"minecraft:dark_oak_fence_gate":2,"minecraft:oak_log":7,"minecraft:iron_pickaxe":1261,"tombstone:magic_scroll":8,"minecraft:chiseled_stone_bricks":7,"minecraft:pink_bed":3,"minecraft:cobblestone":48,"minecraft:potion":8,"minecraft:purple_bed":5,"minecraft:sandstone_slab":5,"quark:oak_chest":4,"minecraft:iron_shovel":276,"minecraft:bone_block":3,"minecraft:oak_sign":9,"minecraft:iron_sword":221,"minecraft:bell":2,"luminousworld:savannah_ground":1,"tombstone:scroll_of_preservation":3,"minecraft:jungle_planks":292,"iceandfire:deathworm_yellow_chestplate":1,"minecraft:carrot":4,"ecologics:prickly_pear":2,"minecraft:tuff":1,"born_in_chaos_v1:corpse_maggot":4,"minecraft:light_blue_bed":1,"born_in_chaos_v1:gnawed_bones":1,"minecraft:stone_bricks":181,"iceandfire:deathworm_red_boots":1,"minecraft:mangrove_roots":5,"minecraft:gray_bed":4,"minecraft:beetroot_seeds":287,"minecraft:gold_block":2,"minecraft:dark_oak_stairs":22,"minecraft:gray_carpet":1,"iceandfire:armor_bronze_helmet":1,"minecraft:oak_planks":72,"minecraft:sandstone":45,"minecraft:sugar_cane":84,"minecraft:diamond_axe":278,"alexscaves:cave_book":5,"minecraft:black_bed":1,"minecraft:melon_slice":56,"minecraft:bread":285,"minecraft:cyan_bed":6,"tombstone:grave_key":21,"minecraft:gravel":26,"minecraft:jungle_sign":3,"minecraft:grindstone":8,"minecraft:andesite":1,"minecraft:bone_meal":18,"minecraft:experience_bottle":2,"sophisticatedbackpacks:iron_backpack":1,"quark:birch_chest":8,"minecraft:flint_and_steel":7,"minecraft:stone_shovel":26,"quark:jungle_chest":4,"minecraft:spruce_planks":1,"supplementaries:soap_block":1,"minecraft:dirt":166,"minecraft:dark_oak_planks":74,"minecraft:iron_hoe":423,"minecraft:wooden_axe":115,"minecraft:oak_stairs":1,"minecraft:acacia_slab":2,"alexscaves:spelunkery_table":4,"alexsmobs:banana":2,"minecraft:cooked_beef":3,"minecraft:pumpkin":7,"minecraft:light_gray_bed":7,"minecraft:brown_bed":7,"luminousworld:ishstone":4,"minecraft:green_bed":1,"minecraft:smoker":1,"minecraft:flower_pot":1,"minecraft:apple":3,"minecraft:stone_axe":867,"minecraft:bucket":3,"minecraft:yellow_bed":2,"minecraft:chainmail_leggings":1},"minecraft:custom":{"minecraft:interact_with_crafting_table":81,"minecraft:open_barrel":11,"minecraft:bell_ring":34,"minecraft:eat_cake_slice":9,"minecraft:leave_game":27,"minecraft:time_since_death":175319,"minecraft:play_time":1141423,"minecraft:deaths":54,"minecraft:jump":16309,"minecraft:interact_with_furnace":46,"minecraft:traded_with_villager":332,"minecraft:sleep_in_bed":54,"tombstone:sneak_grave":1,"minecraft:damage_dealt":54593,"tombstone:undead_killed":68,"minecraft:interact_with_smoker":5,"minecraft:interact_with_smithing_table":2,"minecraft:interact_with_anvil":1,"minecraft:sneak_time":20872,"minecraft:interact_with_blast_furnace":78,"minecraft:total_world_time":1141423,"tombstone:raider_killed":10,"minecraft:time_since_rest":61,"tombstone:cast_on_ally":0,"minecraft:swim_one_cm":205529,"minecraft:fly_one_cm":3929771,"minecraft:open_chest":503,"minecraft:fall_one_cm":376044,"minecraft:animals_bred":1,"minecraft:sprint_one_cm":2434822,"minecraft:drop":329,"minecraft:talked_to_villager":1230,"minecraft:interact_with_brewingstand":4,"minecraft:walk_on_water_one_cm":160080,"minecraft:interact_with_loom":12,"minecraft:player_kills":1,"minecraft:crouch_one_cm":59963,"tombstone:villager_killed":7,"minecraft:mob_kills":236,"minecraft:damage_dealt_resisted":1457,"minecraft:climb_one_cm":74640,"minecraft:walk_one_cm":2923090,"minecraft:walk_under_water_one_cm":34876,"minecraft:boat_one_cm":217501,"minecraft:pot_flower":1,"minecraft:damage_taken":30108,"minecraft:damage_absorbed":138,"minecraft:trigger_trapped_chest":1},"minecraft:mined":{"minecraft:dark_oak_planks":46,"minecraft:white_bed":2,"minecraft:pink_bed":3,"placeablesmod:cooked_beef_block":2,"minecraft:jungle_leaves":21,"minecraft:granite":4,"minecraft:acacia_log":96,"minecraft:jungle_log":66,"minecraft:light_gray_bed":7,"supplementaries:speaker_block":2,"minecraft:oak_wall_sign":1,"luminousworld:savanna_grass_2":1,"minecraft:chiseled_stone_bricks":9,"ecologics:prickly_pear":1,"minecraft:polished_blackstone_bricks":1,"minecraft:fire":3,"minecraft:pumpkin":7,"minecraft:fletching_table":11,"minecraft:deepslate_lapis_ore":4,"iceandfire:gold_pile":12,"minecraft:water_cauldron":4,"minecraft:oak_stairs":3,"minecraft:iron_block":1,"minecraft:orange_bed":3,"minecraft:sandstone_slab":6,"minecraft:red_bed":1,"minecraft:smoker":1,"minecraft:amethyst_cluster":5,"born_in_chaos_v1:infected_deepslate_diamond_ore":3,"minecraft:torch":14,"minecraft:blast_furnace":25,"minecraft:melon":19,"create:scoria":2,"minecraft:dead_bush":5,"minecraft:cyan_bed":5,"minecraft:sugar_cane":531,"minecraft:amethyst_block":3,"minecraft:polished_diorite_stairs":11,"minecraft:cyan_wool":6,"minecraft:jungle_wood":38,"minecraft:wheat":97,"minecraft:black_bed":1,"minecraft:potted_poppy":1,"minecraft:stone_brick_stairs":2,"minecraft:grass":46,"quark:birch_chest":8,"minecraft:mangrove_log":33,"minecraft:smooth_basalt":4,"luminousworld:palm_log":10,"minecraft:deepslate":80,"luminousworld:savannah_ground":1,"minecraft:attached_pumpkin_stem":7,"create:zinc_ore":36,"minecraft:dark_oak_log":9,"minecraft:dark_oak_fence":1,"minecraft:jungle_planks":18,"minecraft:acacia_button":1,"minecraft:cartography_table":6,"minecraft:andesite":21,"minecraft:potatoes":101,"minecraft:vine":30,"minecraft:white_wool":23,"minecraft:smithing_table":8,"minecraft:oak_slab":4,"minecraft:glass_pane":6,"quark:oak_chest":2,"minecraft:copper_ore":70,"minecraft:deepslate_gold_ore":12,"minecraft:diorite":16,"minecraft:purple_bed":5,"minecraft:light_blue_bed":1,"minecraft:spruce_log":1,"minecraft:mangrove_leaves":31,"iceandfire:silver_pile":1,"luminousworld:ishstone":22,"minecraft:gravel":53,"minecraft:acacia_planks":3,"minecraft:stone_bricks":162,"luminousworld:elephant_grass":4,"minecraft:gold_ore":5,"minecraft:fern":16,"undead_revamp2:arapholia":1,"minecraft:large_amethyst_bud":3,"create:deepslate_zinc_ore":33,"minecraft:brewing_stand":2,"minecraft:grass_block":157,"minecraft:infested_cobblestone":1,"minecraft:polished_diorite":28,"minecraft:composter":15,"minecraft:gilded_blackstone":6,"supplementaries:soap_block":1,"minecraft:glowstone":2,"supplementaries:ash":4,"minecraft:iron_ore":38,"minecraft:black_carpet":1,"minecraft:dark_oak_stairs":7,"minecraft:brown_bed":7,"supplementaries:stick":9,"minecraft:green_bed":1,"luminousworld:tall_deadbush":1,"minecraft:melon_stem":12,"minecraft:medium_amethyst_bud":1,"minecraft:calcite":2,"minecraft:chest":9,"minecraft:cobblestone":78,"minecraft:grindstone":7,"minecraft:oak_planks":30,"placeablesmod:bread_full_block":1,"minecraft:wall_torch":12,"minecraft:acacia_sapling":1,"minecraft:dark_oak_slab":1,"minecraft:tnt":2,"minecraft:oak_log":219,"minecraft:beetroots":148,"minecraft:sand":179,"minecraft:dirt":34,"minecraft:netherrack":4,"luminousworld:savannah_grass_4":2,"minecraft:oak_leaves":450,"minecraft:emerald_block":2,"alexscaves:spelunkery_table":4,"luminousworld:groundpebbles_1":1,"minecraft:deepslate_diamond_ore":9,"luminousworld:grassvariant_4":1,"minecraft:mangrove_roots":6,"born_in_chaos_v1:infected_diamond_ore":2,"create:ochrum":1,"quark:jungle_chest":2,"minecraft:sandstone":30,"minecraft:hay_block":44,"minecraft:furnace":4,"minecraft:carrots":66,"minecraft:gold_block":6,"minecraft:bell":1,"minecraft:bookshelf":57,"minecraft:deepslate_iron_ore":10,"minecraft:stripped_oak_log":51,"minecraft:stone":283,"minecraft:acacia_leaves":20,"minecraft:red_wool":6,"minecraft:basalt":4,"minecraft:crafting_table":4,"luminousworld:savannah_grass_1":3,"minecraft:lectern":653,"minecraft:lapis_ore":2,"supplementaries:urn":41,"minecraft:gray_bed":4,"iceandfire:ash":1,"minecraft:yellow_bed":2,"minecraft:coal_ore":161,"minecraft:gray_carpet":2,"minecraft:birch_fence":14},"minecraft:crafted":{"minecraft:smooth_stone":6,"minecraft:oak_sign":9,"minecraft:chain":3,"supplementaries:soap":27,"minecraft:bookshelf":3,"minecraft:glass":4,"luminousworld:palmplank":40,"minecraft:emerald":260,"minecraft:acacia_slab":6,"iceandfire:armor_red_chestplate":1,"minecraft:smithing_table":1,"minecraft:copper_ingot":399,"minecraft:fletching_table":2,"supplementaries:soap_block":1,"minecraft:cartography_table":1,"minecraft:lectern":1,"minecraft:stone_slab":6,"quark:oak_chest":12,"minecraft:compass":1,"minecraft:iron_pickaxe":3,"minecraft:sandstone":19,"minecraft:jungle_sign":3,"minecraft:stone_shovel":1,"quark:jungle_chest":9,"minecraft:bone_meal":60,"minecraft:dark_oak_fence":6,"minecraft:ladder":8,"minecraft:dark_oak_planks":80,"iceandfire:chain":1,"minecraft:wheat":459,"minecraft:cyan_bed":1,"minecraft:bone":24,"minecraft:enchanted_book":7,"iceandfire:armor_red_helmet":1,"supplementaries:speaker_block":1,"supplementaries:bubble_blower":2,"minecraft:wooden_axe":2,"minecraft:iron_shovel":4,"minecraft:iron_leggings":4,"minecraft:white_bed":2,"iceandfire:armor_bronze_leggings":1,"minecraft:grindstone":1,"minecraft:oak_planks":436,"minecraft:cobblestone_slab":6,"iceandfire:deathworm_yellow_chestplate":1,"iceandfire:deathworm_gauntlet_red":1,"minecraft:stone":81,"minecraft:bow":1,"minecraft:chest":15,"minecraft:oak_button":64,"minecraft:stone_bricks":64,"alexscaves:cave_book":1,"minecraft:golden_boots":1,"iceandfire:deathworm_red_boots":1,"minecraft:oak_slab":6,"minecraft:arrow":192,"sophisticatedbackpacks:backpack":2,"iceandfire:deathworm_white_chestplate":1,"minecraft:crafting_table":6,"minecraft:spruce_planks":8,"minecraft:iron_helmet":3,"minecraft:acacia_button":1,"minecraft:dark_oak_slab":12,"minecraft:iron_chestplate":13,"minecraft:paper":624,"minecraft:stick":7486,"minecraft:iron_ingot":53,"minecraft:dark_oak_fence_gate":2,"iceandfire:armor_bronze_helmet":1,"iceandfire:deathworm_yellow_boots":1,"minecraft:furnace":1,"minecraft:blast_furnace":2,"alexscaves:cave_map":1,"aether:red_cape":1,"minecraft:leather":2,"minecraft:iron_axe":3,"minecraft:filled_map":1,"minecraft:chiseled_sandstone":1,"sophisticatedbackpacks:iron_backpack":2,"minecraft:dark_oak_stairs":16,"minecraft:iron_sword":1,"minecraft:bell":1,"minecraft:mangrove_planks":64,"minecraft:bucket":1,"minecraft:stone_axe":24,"minecraft:bread":239,"minecraft:air":0,"minecraft:jungle_planks":660,"minecraft:oak_boat":1,"tombstone:dark_marble":3,"minecraft:acacia_planks":320,"minecraft:torch":296,"create:zinc_ingot":94},"minecraft:killed_by":{"minecraft:piglin_brute":7,"luminousworld:hollow":1,"enemyexpansion:scorpion":1,"minecraft:zombie":1,"enemyexpansion:invisicreeper":1,"takesapillage:clay_golem":1,"undead_revamp2:thespitter":1,"born_in_chaos_v1:bone_imp_minion":2,"born_in_chaos_v1:corpse_fly":1,"undead_revamp2:thesmoker":1,"iceandfire:fire_dragon":24,"iceandfire:deathworm":1,"enemyexpansion:trollenraged":1,"minecraft:iron_golem":2,"alexsmobs:crimson_mosquito":1,"illagerinvasion:marauder":1},"minecraft:broken":{"iceandfire:deathworm_yellow_boots":1,"minecraft:iron_chestplate":1,"minecraft:iron_leggings":1,"minecraft:iron_sword":1,"iceandfire:armor_bronze_helmet":1,"iceandfire:deathworm_yellow_chestplate":1,"minecraft:chainmail_leggings":1,"minecraft:iron_axe":5,"minecraft:iron_pickaxe":5,"mowziesmobs:umvuthana_mask_rage":1,"minecraft:stone_axe":8,"minecraft:wooden_axe":2},"minecraft:dropped":{"sophisticatedbackpacks:iron_backpack":1,"minecraft:porkchop":4,"minecraft:lapis_lazuli":9,"minecraft:glass_bottle":7,"minecraft:crafting_table":1,"minecraft:dark_oak_slab":1,"minecraft:crossbow":1,"iceandfire:ectoplasm":1,"minecraft:emerald":22,"born_in_chaos_v1:monster_flesh":3,"minecraft:birch_fence":8,"luminousworld:trout":1,"minecraft:stone_button":2,"minecraft:chain":1,"minecraft:jungle_sapling":5,"minecraft:writable_book":1,"minecraft:sand":104,"minecraft:polished_blackstone_slab":1,"minecraft:white_wool":2,"minecraft:bone":16,"minecraft:polished_blackstone_wall":3,"minecraft:stone_axe":27,"minecraft:compass":2,"minecraft:goat_horn":2,"minecraft:sugar_cane":18,"minecraft:iron_nugget":23,"minecraft:black_carpet":1,"minecraft:wheat":20,"minecraft:rotten_flesh":101,"minecraft:grindstone":1,"supplementaries:flax_seeds":23,"minecraft:acacia_sapling":1,"minecraft:yellow_banner":1,"minecraft:beef":2,"iceandfire:armor_bronze_leggings":1,"minecraft:enchanted_book":6,"minecraft:iron_ingot":35,"minecraft:wheat_seeds":74,"minecraft:tnt":2,"minecraft:polished_blackstone":5,"minecraft:dark_prismarine_slab":14,"minecraft:iron_helmet":5,"minecraft:feather":5,"minecraft:cobblestone":2,"minecraft:book":9,"minecraft:chainmail_helmet":3,"minecraft:coal":13,"minecraft:golden_apple":2,"minecraft:polished_blackstone_stairs":5,"born_in_chaos_v1:gnawed_bones":1,"iceandfire:armor_red_helmet":1,"iceandfire:copper_nugget":28,"minecraft:rabbit":1,"minecraft:oak_stairs":1,"minecraft:iron_shovel":1,"minecraft:paper":10,"minecraft:string":15,"tombstone:voodoo_poppet":1,"minecraft:gray_carpet":10,"iceandfire:dragon_skull_fire":2,"iceandfire:silver_nugget":4,"minecraft:cocoa_beans":10,"minecraft:stone_shovel":1,"minecraft:clay_ball":9,"minecraft:cobblestone_slab":12,"minecraft:potato":346,"minecraft:hay_block":2,"undead_revamp2:heavytooth":4,"minecraft:allium":12,"minecraft:diamond_pickaxe":1,"iceandfire:deathworm_red_boots":1,"artifacts:antidote_vessel":1,"minecraft:spider_eye":5,"minecraft:bamboo":1,"luminousworld:elephant_grass":2,"minecraft:dark_oak_stairs":1,"minecraft:lantern":1,"minecraft:black_banner":1,"minecraft:polished_diorite_stairs":11,"born_in_chaos_v1:monster_skin":5,"minecraft:polished_blackstone_brick_stairs":1,"minecraft:gilded_blackstone":6,"minecraft:crimson_door":2,"minecraft:gold_ingot":4,"minecraft:armor_stand":1,"minecraft:gravel":26,"minecraft:pointed_dripstone":1,"minecraft:beetroot":1,"artifacts:villager_hat":1,"aether:leather_gloves":1,"iceandfire:fire_lily":1,"ecologics:prickly_pear":4,"minecraft:acacia_stairs":1,"minecraft:carrot":258,"minecraft:chainmail_chestplate":6,"minecraft:chiseled_stone_bricks":4,"minecraft:poppy":3,"minecraft:rabbit_hide":1,"supplementaries:ash":8,"supplementaries:cartographers_quill":1,"minecraft:gunpowder":4,"minecraft:beetroot_seeds":57,"minecraft:melon_seeds":1,"born_in_chaos_v1:corpse_maggot":2,"minecraft:arrow":25,"iceandfire:deathworm_chitin_yellow":1,"minecraft:bread":252,"minecraft:oak_slab":1,"iceandfire:dragonscales_green":134,"minecraft:poisonous_potato":1,"minecraft:stick":36,"minecraft:brewing_stand":1,"minecraft:green_dye":2,"tombstone:grave_key":3,"luminousworld:savannah_ground":14,"minecraft:melon_slice":34,"minecraft:iron_leggings":2,"minecraft:cactus":6,"iceandfire:dragonbone":13,"minecraft:redstone":8,"iceandfire:armor_red_chestplate":1,"minecraft:kelp":2,"minecraft:dark_prismarine_stairs":2,"minecraft:tuff":1,"minecraft:iron_hoe":1,"minecraft:totem_of_undying":1,"minecraft:red_nether_brick_stairs":7,"minecraft:oak_button":1,"minecraft:iron_chestplate":12,"luminousworld:groundpebbles_1":4,"minecraft:andesite":29}},"DataVersion":3465}