{"stats":{"minecraft:dropped":{"iceandfire:chared_stone":1,"sophisticatedbackpacks:iron_backpack":2,"minecraft:lapis_lazuli":9,"minecraft:porkchop":4,"minecraft:glass_bottle":10,"minecraft:crafting_table":1,"minecraft:pitcher_pod":2,"minecraft:crossbow":1,"minecraft:dark_oak_slab":1,"minecraft:cookie":4,"iceandfire:ectoplasm":3,"minecraft:emerald":22,"born_in_chaos_v1:monster_flesh":4,"minecraft:dirt":43,"minecraft:birch_fence":8,"luminousworld:trout":1,"minecraft:stone_button":2,"minecraft:dark_oak_fence":2,"minecraft:chain":1,"minecraft:jungle_sapling":13,"minecraft:writable_book":1,"minecraft:gold_nugget":11,"iceandfire:deathworm_white_chestplate":1,"minecraft:sand":131,"minecraft:iron_pickaxe":1,"minecraft:polished_blackstone_slab":1,"minecraft:dark_oak_planks":3,"minecraft:white_wool":2,"minecraft:bone":48,"minecraft:polished_blackstone_wall":3,"minecraft:stone_axe":27,"minecraft:goat_horn":2,"minecraft:compass":2,"minecraft:sugar_cane":20,"minecraft:iron_nugget":43,"minecraft:black_carpet":1,"minecraft:wheat":23,"undead_revamp2:arapholia":3,"minecraft:rotten_flesh":181,"minecraft:grindstone":1,"minecraft:oak_planks":6,"supplementaries:flax_seeds":27,"minecraft:charcoal":6,"iceandfire:bestiary":2,"minecraft:acacia_sapling":1,"minecraft:yellow_banner":2,"iceandfire:deathworm_chitin_white":4,"minecraft:red_nether_bricks":4,"minecraft:beef":3,"iceandfire:dragonbone_sword":2,"iceandfire:armor_bronze_leggings":1,"iceandfire:manuscript":29,"minecraft:iron_ingot":35,"minecraft:enchanted_book":6,"minecraft:wheat_seeds":319,"supplementaries:bamboo_spikes":6,"minecraft:tnt":3,"minecraft:polished_blackstone":5,"minecraft:cobblestone":47,"minecraft:iron_helmet":30,"minecraft:feather":5,"minecraft:dark_prismarine_slab":14,"minecraft:book":9,"minecraft:apple":83,"minecraft:chainmail_helmet":17,"minecraft:coal":26,"minecraft:golden_apple":3,"minecraft:polished_blackstone_stairs":5,"minecraft:polished_andesite":1,"minecraft:cobweb":2,"iceandfire:deathworm_chitin_red":5,"born_in_chaos_v1:gnawed_bones":1,"iceandfire:armor_red_helmet":1,"iceandfire:copper_nugget":28,"minecraft:rabbit":1,"minecraft:potion":8,"minecraft:oak_stairs":3,"minecraft:pumpkin":2,"minecraft:iron_shovel":5,"minecraft:chainmail_leggings":1,"minecraft:paper":11,"minecraft:string":46,"born_in_chaos_v1:flaming_evil_pumpkin":2,"tombstone:voodoo_poppet":1,"minecraft:gray_carpet":10,"iceandfire:dragon_skull_fire":4,"iceandfire:silver_nugget":4,"minecraft:cocoa_beans":40,"minecraft:stone_shovel":1,"minecraft:clay_ball":29,"minecraft:stone_slab":5,"iceandfire:troll_tusk":252,"minecraft:hay_block":2,"minecraft:potato":347,"minecraft:cobblestone_slab":12,"undead_revamp2:heavytooth":6,"minecraft:allium":20,"minecraft:spruce_planks":2,"minecraft:diamond_pickaxe":2,"iceandfire:deathworm_red_boots":1,"artifacts:antidote_vessel":1,"minecraft:spider_eye":19,"minecraft:bamboo":11,"minecraft:sandstone":6,"luminousworld:elephant_grass":2,"minecraft:bow":3,"minecraft:bell":7,"minecraft:nether_brick_stairs":2,"minecraft:brown_mushroom":7,"minecraft:dark_oak_stairs":1,"minecraft:oak_log":4,"minecraft:lantern":2,"minecraft:jungle_planks":1,"minecraft:black_banner":1,"minecraft:dark_oak_log":2,"minecraft:polished_diorite_stairs":11,"born_in_chaos_v1:monster_skin":6,"minecraft:polished_blackstone_brick_stairs":2,"minecraft:crimson_roots":1,"minecraft:gilded_blackstone":6,"iceandfire:ash":2,"minecraft:polished_blackstone_bricks":4,"minecraft:crimson_door":2,"minecraft:gold_ingot":4,"minecraft:armor_stand":1,"minecraft:gravel":28,"iceandfire:dragon_ice_spikes":28,"minecraft:crimson_fungus":2,"born_in_chaos_v1:fire_dust":3,"born_in_chaos_v1:ethereal_spirit":4,"minecraft:pointed_dripstone":1,"minecraft:beetroot":1,"artifacts:villager_hat":1,"aether:leather_gloves":1,"iceandfire:fire_lily":1,"ecologics:prickly_pear":4,"minecraft:acacia_stairs":1,"minecraft:carrot":258,"minecraft:chainmail_chestplate":7,"supplementaries:soap":9,"minecraft:chiseled_stone_bricks":4,"minecraft:poppy":3,"minecraft:rabbit_hide":1,"supplementaries:ash":27,"supplementaries:cartographers_quill":1,"minecraft:gunpowder":25,"minecraft:beetroot_seeds":62,"minecraft:melon_seeds":2,"born_in_chaos_v1:corpse_maggot":11,"iceandfire:pixie_dust":16,"iceandfire:frost_lily":24,"minecraft:basalt":70,"minecraft:arrow":62,"minecraft:cracked_nether_bricks":1,"alexsmobs:banana":5,"iceandfire:deathworm_chitin_yellow":17,"minecraft:quartz":3,"undead_revamp2:rawbostrox":1,"minecraft:netherrack":27,"born_in_chaos_v1:dark_rod":3,"minecraft:bread":410,"minecraft:oak_slab":1,"minecraft:golden_helmet":1,"iceandfire:dragonscales_green":134,"minecraft:poisonous_potato":1,"luminousworld:creepberries":3,"minecraft:amethyst_block":3,"minecraft:copper_ingot":1,"minecraft:acacia_log":2,"alexscaves:coprolith":28,"minecraft:stick":228,"minecraft:diorite":4,"minecraft:brewing_stand":1,"minecraft:green_dye":2,"tombstone:grave_key":3,"luminousworld:savannah_ground":14,"minecraft:melon_slice":34,"born_in_chaos_v1:fused_bone":2,"minecraft:map":8,"minecraft:iron_leggings":5,"alexscaves:guanostone":42,"minecraft:cactus":6,"minecraft:dandelion":2,"iceandfire:dragonbone":30,"minecraft:redstone":8,"minecraft:polished_diorite":34,"iceandfire:armor_red_chestplate":1,"minecraft:nether_brick_slab":3,"minecraft:kelp":3,"minecraft:dark_prismarine_stairs":2,"minecraft:blaze_rod":1,"minecraft:tuff":1,"iceandfire:myrmex_desert_resin":29,"minecraft:iron_hoe":1,"minecraft:totem_of_undying":1,"undead_revamp2:bostroxingot":3,"minecraft:red_nether_brick_stairs":7,"luminousworld:yellow_grassflowers":1,"minecraft:filled_map":1,"minecraft:shield":2,"minecraft:oak_button":65,"aether:diamond_gloves":1,"iceandfire:chared_cobblestone":1,"minecraft:iron_chestplate":45,"luminousworld:groundpebbles_1":17,"minecraft:andesite":29,"minecraft:oak_sapling":72,"minecraft:diamond_boots":2,"minecraft:slime_ball":12},"minecraft:mined":{"minecraft:dark_oak_planks":46,"minecraft:white_bed":2,"minecraft:pink_bed":3,"placeablesmod:cooked_beef_block":2,"minecraft:jungle_leaves":96,"minecraft:granite":10,"minecraft:acacia_log":96,"minecraft:jungle_log":405,"minecraft:light_gray_bed":7,"alexscaves:coprolith":75,"minecraft:oak_wall_sign":1,"supplementaries:speaker_block":2,"luminousworld:savanna_grass_2":1,"minecraft:chiseled_stone_bricks":9,"ecologics:prickly_pear":1,"minecraft:polished_blackstone_bricks":1,"minecraft:fire":24,"minecraft:pumpkin":15,"minecraft:deepslate_lapis_ore":4,"minecraft:fletching_table":11,"iceandfire:gold_pile":14,"minecraft:water_cauldron":4,"minecraft:oak_stairs":3,"minecraft:iron_block":2,"minecraft:orange_bed":3,"minecraft:sandstone_slab":6,"minecraft:brown_mushroom":1,"minecraft:red_bed":1,"minecraft:smoker":1,"minecraft:amethyst_cluster":5,"born_in_chaos_v1:infected_deepslate_diamond_ore":3,"minecraft:torch":15,"minecraft:blast_furnace":25,"minecraft:melon":33,"create:scoria":2,"minecraft:dead_bush":5,"minecraft:cyan_bed":5,"minecraft:sugar_cane":531,"minecraft:amethyst_block":3,"minecraft:polished_diorite_stairs":11,"minecraft:cyan_wool":12,"minecraft:jungle_wood":38,"minecraft:wheat":101,"minecraft:stone_brick_stairs":2,"minecraft:black_bed":1,"minecraft:potted_poppy":1,"minecraft:grass":176,"quark:birch_chest":8,"luminousworld:grassvariant_3":2,"minecraft:mangrove_log":33,"minecraft:smooth_basalt":14,"luminousworld:palm_log":10,"born_in_chaos_v1:infernal_evil_pumpkin_s":1,"minecraft:deepslate":80,"minecraft:attached_pumpkin_stem":7,"create:zinc_ore":36,"luminousworld:savannah_ground":1,"minecraft:dark_oak_log":9,"minecraft:dark_oak_fence":1,"minecraft:acacia_button":1,"minecraft:jungle_planks":18,"minecraft:crimson_roots":2,"minecraft:redstone_wire":4,"born_in_chaos_v1:flaming_evil_pumpkin":1,"luminousworld:grassvariant_2":3,"alexscaves:thornwood_branch":1,"minecraft:cartography_table":8,"minecraft:redstone_ore":2,"minecraft:packed_mud":5,"supplementaries:bamboo_spikes":7,"minecraft:andesite":22,"minecraft:potatoes":102,"minecraft:vine":203,"minecraft:white_wool":66,"minecraft:smithing_table":8,"minecraft:oak_slab":4,"minecraft:glass_pane":6,"quark:oak_chest":2,"minecraft:copper_ore":70,"minecraft:deepslate_gold_ore":12,"minecraft:diorite":16,"minecraft:purple_bed":5,"minecraft:light_blue_bed":1,"minecraft:spruce_log":1,"minecraft:mangrove_leaves":31,"iceandfire:silver_pile":1,"luminousworld:ishstone":29,"minecraft:gravel":57,"minecraft:cobweb":6,"alexscaves:guano_layer":62,"minecraft:acacia_planks":3,"minecraft:stone_bricks":169,"luminousworld:elephant_grass":4,"minecraft:gold_ore":5,"minecraft:fern":54,"undead_revamp2:arapholia":1,"alexscaves:guanostone":112,"minecraft:large_amethyst_bud":3,"create:deepslate_zinc_ore":33,"minecraft:brewing_stand":2,"minecraft:grass_block":1548,"minecraft:infested_cobblestone":1,"iceandfire:lectern":1,"minecraft:polished_diorite":28,"minecraft:frosted_ice":4,"minecraft:composter":15,"minecraft:gilded_blackstone":6,"supplementaries:soap_block":1,"minecraft:glowstone":2,"supplementaries:ash":8,"minecraft:iron_ore":43,"minecraft:black_carpet":1,"minecraft:brown_bed":7,"minecraft:dark_oak_stairs":7,"supplementaries:stick":12,"minecraft:green_bed":1,"iceandfire:chared_cobblestone":1,"luminousworld:creepbush":4,"luminousworld:tall_deadbush":1,"minecraft:melon_stem":12,"minecraft:medium_amethyst_bud":1,"alexscaves:thornwood_wood":13,"minecraft:calcite":2,"minecraft:chest":9,"minecraft:nether_quartz_ore":3,"minecraft:cobblestone":79,"minecraft:oak_planks":30,"minecraft:grindstone":7,"placeablesmod:bread_full_block":2,"minecraft:wall_torch":27,"minecraft:seagrass":1,"minecraft:acacia_sapling":1,"minecraft:dark_oak_slab":1,"minecraft:yellow_wool":6,"born_in_chaos_v1:river_mint":1,"minecraft:tnt":83,"minecraft:oak_log":291,"minecraft:beetroots":150,"minecraft:sand":199,"minecraft:dirt":1433,"minecraft:netherrack":13,"luminousworld:savannah_grass_4":2,"minecraft:oak_leaves":1361,"minecraft:emerald_block":2,"iceandfire:chared_stone":1,"minecraft:diamond_ore":1,"luminousworld:groundpebbles_1":3,"minecraft:nether_gold_ore":2,"alexscaves:spelunkery_table":4,"luminousworld:grassvariant_4":1,"minecraft:deepslate_diamond_ore":9,"minecraft:mangrove_roots":6,"born_in_chaos_v1:infected_diamond_ore":2,"create:ochrum":1,"quark:jungle_chest":2,"minecraft:sandstone":36,"minecraft:hay_block":57,"minecraft:furnace":4,"minecraft:carrots":73,"minecraft:gold_block":20,"minecraft:bell":1,"minecraft:bookshelf":57,"minecraft:deepslate_iron_ore":10,"minecraft:stripped_oak_log":51,"minecraft:stone":856,"minecraft:acacia_leaves":20,"minecraft:red_wool":18,"minecraft:basalt":39,"minecraft:crafting_table":4,"luminousworld:savannah_grass_1":3,"minecraft:lectern":790,"minecraft:lapis_ore":2,"supplementaries:urn":43,"minecraft:gray_bed":4,"iceandfire:ash":6,"minecraft:yellow_bed":2,"alexscaves:thornwood_log":5,"minecraft:coal_ore":169,"minecraft:gray_carpet":2,"minecraft:birch_fence":16},"minecraft:crafted":{"minecraft:smooth_stone":30,"minecraft:oak_sign":9,"iceandfire:frost_lily":24,"minecraft:blaze_powder":2,"minecraft:chain":3,"supplementaries:soap":27,"iceandfire:stymphalian_bird_feather":108,"minecraft:diamond_shovel":6,"minecraft:bookshelf":3,"iceandfire:pixie_dust":32,"minecraft:glass":4,"minecraft:diamond_helmet":1,"minecraft:diamond_leggings":5,"iceandfire:lightning_dragon_flesh":3,"luminousworld:palmplank":40,"minecraft:glass_bottle":33,"minecraft:emerald":699,"minecraft:diamond_axe":3,"minecraft:acacia_slab":6,"iceandfire:armor_red_chestplate":1,"minecraft:smithing_table":1,"minecraft:copper_ingot":399,"minecraft:fletching_table":2,"supplementaries:soap_block":1,"minecraft:cartography_table":1,"minecraft:lectern":1,"quark:oak_chest":12,"minecraft:stone_slab":6,"minecraft:compass":1,"minecraft:iron_pickaxe":3,"minecraft:gold_ingot":192,"minecraft:sandstone":19,"minecraft:netherite_ingot":2,"iceandfire:stymphalian_feather_bundle":1,"minecraft:jungle_sign":6,"minecraft:stone_shovel":1,"iceandfire:dragonbone_sword_fire":1,"minecraft:diamond_hoe":3,"quark:jungle_chest":15,"iceandfire:myrmex_desert_resin":29,"alexscaves:burrowing_arrow":4,"minecraft:bone_meal":60,"iceandfire:troll_tusk":168,"minecraft:dark_oak_fence":6,"minecraft:ladder":8,"minecraft:diamond_boots":3,"minecraft:dark_oak_planks":80,"iceandfire:chain":1,"minecraft:wheat":594,"iceandfire:dragonbone_sword":1,"iceandfire:dragon_ice_spikes":28,"minecraft:cyan_bed":1,"minecraft:bone":24,"minecraft:enchanted_book":16,"iceandfire:armor_red_helmet":1,"supplementaries:speaker_block":1,"supplementaries:bubble_blower":2,"minecraft:wooden_axe":2,"minecraft:iron_shovel":4,"minecraft:iron_leggings":4,"minecraft:white_bed":10,"iceandfire:armor_bronze_leggings":1,"iceandfire:ice_dragon_flesh":17,"minecraft:grindstone":1,"minecraft:oak_planks":440,"minecraft:cobblestone_slab":6,"iceandfire:deathworm_yellow_chestplate":1,"iceandfire:deathworm_gauntlet_red":1,"minecraft:stone":113,"born_in_chaos_v1:dark_metal_ingot":1,"minecraft:bow":1,"minecraft:chest":15,"minecraft:oak_button":64,"minecraft:stone_bricks":64,"born_in_chaos_v1:pileof_dark_metal":1,"alexscaves:cave_book":1,"iceandfire:manuscript":88,"minecraft:golden_boots":1,"iceandfire:deathworm_red_boots":1,"minecraft:oak_slab":6,"sophisticatedbackpacks:backpack":2,"minecraft:arrow":192,"iceandfire:deathworm_white_chestplate":1,"minecraft:map":8,"minecraft:crafting_table":8,"minecraft:spruce_planks":8,"minecraft:iron_helmet":15,"minecraft:gold_block":19,"minecraft:acacia_button":1,"minecraft:apple":40,"minecraft:dark_oak_slab":12,"minecraft:iron_chestplate":27,"minecraft:paper":624,"minecraft:diamond_pickaxe":2,"minecraft:shield":2,"minecraft:stick":17602,"minecraft:iron_ingot":60,"minecraft:dark_oak_fence_gate":2,"iceandfire:armor_bronze_helmet":1,"minecraft:shears":1,"iceandfire:deathworm_yellow_boots":1,"minecraft:furnace":2,"alexscaves:shadow_silk":2,"minecraft:blast_furnace":3,"alexscaves:cave_map":1,"aether:red_cape":1,"minecraft:leather":2,"minecraft:iron_axe":13,"minecraft:filled_map":1,"minecraft:chiseled_sandstone":1,"sophisticatedbackpacks:iron_backpack":2,"minecraft:diamond_sword":1,"minecraft:dark_oak_stairs":16,"minecraft:iron_sword":1,"minecraft:bell":8,"minecraft:mangrove_planks":64,"minecraft:bucket":1,"minecraft:stone_axe":24,"minecraft:bread":524,"minecraft:air":0,"minecraft:jungle_planks":1360,"minecraft:oak_boat":1,"iceandfire:dragonbone":18,"iceandfire:bestiary":3,"tombstone:dark_marble":3,"minecraft:acacia_planks":320,"minecraft:torch":368,"create:zinc_ingot":94,"minecraft:diamond_chestplate":1},"minecraft:killed_by":{"minecraft:piglin_brute":7,"luminousworld:hollow":1,"enemyexpansion:scorpion":2,"minecraft:zombie":1,"enemyexpansion:invisicreeper":1,"takesapillage:clay_golem":1,"undead_revamp2:thespitter":1,"iceandfire:ghost":1,"born_in_chaos_v1:bone_imp_minion":2,"born_in_chaos_v1:corpse_fly":1,"undead_revamp2:thesmoker":1,"iceandfire:fire_dragon":24,"iceandfire:deathworm":1,"enemyexpansion:trollenraged":1,"minecraft:iron_golem":2,"born_in_chaos_v1:sir_pumpkinhead":1,"alexsmobs:crimson_mosquito":1,"illagerinvasion:marauder":1},"minecraft:picked_up":{"minecraft:iron_chestplate":20,"minecraft:creeper_head":3,"minecraft:flower_pot":1,"minecraft:smithing_table":8,"minecraft:lead":2,"minecraft:diamond_sword":2,"minecraft:oak_stairs":2,"minecraft:brown_bed":7,"artifacts:chorus_totem":1,"minecraft:enchanted_book":11,"minecraft:brewing_stand":6,"minecraft:amethyst_block":3,"iceandfire:manuscript":12,"minecraft:polished_blackstone_brick_stairs":2,"minecraft:string":96,"alexscaves:pure_darkness":19,"minecraft:beetroot":108,"minecraft:diamond_leggings":1,"minecraft:gold_nugget":458,"minecraft:cobbled_deepslate":87,"minecraft:spruce_planks":1,"endrem:wither_eye":2,"minecraft:melon_slice":173,"minecraft:mangrove_log":32,"alexscaves:thornwood_wood":11,"minecraft:polished_blackstone_stairs":2,"born_in_chaos_v1:shattered_skull":1,"minecraft:composter":18,"minecraft:green_bed":1,"minecraft:acacia_log":103,"minecraft:cauldron":3,"minecraft:yellow_banner":9,"minecraft:orange_bed":3,"minecraft:light_gray_bed":7,"luminousworld:yellow_grassflowers":1,"minecraft:vex_armor_trim_smithing_template":1,"create:scoria":2,"create:ochrum":1,"iceandfire:deathworm_chitin_yellow":43,"iceandfire:fire_dragon_heart":7,"minecraft:iron_block":2,"supplementaries:ash":92,"minecraft:blaze_rod":1,"minecraft:feather":5,"minecraft:cooked_beef":7,"minecraft:jungle_log":483,"minecraft:copper_block":14,"minecraft:jungle_wood":38,"minecraft:smoker":1,"minecraft:flint":5,"minecraft:lantern":2,"undead_revamp2:blacpetalblock":2,"alexscaves:guano":452,"luminousworld:elephant_grass":2,"minecraft:glowstone_dust":8,"ecologics:prickly_pear":6,"luminousworld:creepberries":3,"iceandfire:dragon_skull_fire":11,"naturalist:duck_egg":1,"minecraft:crimson_door":2,"minecraft:acacia_stairs":1,"minecraft:dark_oak_log":9,"alexsmobs:animal_dictionary":2,"iceandfire:chared_cobblestone":1,"undead_revamp2:heavytooth":6,"alexscaves:occult_gem":1,"minecraft:bundle":3,"minecraft:iron_hoe":2,"minecraft:polished_andesite":1,"alexsmobs:guster_eye":3,"supplementaries:bamboo_spikes":6,"iceandfire:lectern":1,"minecraft:writable_book":1,"minecraft:granite":9,"minecraft:chainmail_helmet":8,"minecraft:bread":79,"born_in_chaos_v1:rotten_fish":1,"minecraft:dark_oak_fence":1,"minecraft:crimson_roots":1,"minecraft:diamond_pickaxe":1,"sophisticatedbackpacks:gold_backpack":1,"luminousworld:groundpebbles_1":17,"minecraft:coarse_dirt":3,"minecraft:crafting_table":4,"minecraft:sandstone_slab":18,"minecraft:clay_ball":39,"born_in_chaos_v1:charmof_resistance":1,"luminousworld:trout":1,"minecraft:crimson_trapdoor":1,"alexscaves:thornwood_branch":5,"minecraft:acacia_button":3,"minecraft:red_bed":1,"artifacts:power_glove":1,"born_in_chaos_v1:intoxicating_decoction":2,"minecraft:iron_shovel":3,"luminousworld:palm_log":10,"minecraft:cartography_table":8,"minecraft:beef":3,"alexscaves:thornwood_log":5,"born_in_chaos_v1:gnawed_bones":6,"minecraft:cyan_wool":12,"minecraft:jungle_sapling":13,"minecraft:iron_nugget":33,"minecraft:poppy":6,"minecraft:chest":9,"minecraft:sandstone":35,"minecraft:stone":1,"alexscaves:guanostone":115,"quark:jungle_chest":2,"iceandfire:deathworm_chitin_white":31,"born_in_chaos_v1:pieceofdarkmetal":14,"minecraft:carrot":280,"minecraft:redstone":24,"minecraft:tnt":82,"twilightforest:magic_beans":1,"minecraft:beetroot_seeds":347,"minecraft:hay_block":61,"minecraft:gold_ingot":9,"minecraft:totem_of_undying":3,"minecraft:polished_blackstone":6,"minecraft:glow_berries":1,"minecraft:white_wool":65,"minecraft:bone_block":13,"minecraft:stripped_oak_log":52,"iceandfire:sea_serpent_fang":7,"born_in_chaos_v1:monster_flesh":11,"luminousworld:ishstone":25,"alexsmobs:acacia_blossom":5,"minecraft:filled_map":1,"minecraft:packed_mud":5,"minecraft:oak_log":292,"minecraft:paper":13,"minecraft:apple":96,"minecraft:stone_bricks":166,"mowziesmobs:umvuthana_mask_rage":1,"minecraft:kelp":3,"mowziesmobs:foliaath_seed":3,"minecraft:cobweb":2,"tombstone:bag_of_seeds":2,"minecraft:glass_bottle":2,"minecraft:gray_bed":4,"tombstone:scroll_of_frost_resistance":1,"alexscaves:coprolith":74,"minecraft:dark_oak_stairs":7,"iceandfire:chared_stone":1,"iceandfire:copper_nugget":24,"minecraft:smooth_basalt":16,"minecraft:dark_oak_slab":1,"alexscaves:moth_dust":9,"iceandfire:dragonbone_sword":3,"minecraft:red_wool":17,"born_in_chaos_v1:orbofthe_summoner":1,"born_in_chaos_v1:ethereal_spirit":11,"minecraft:gravel":82,"minecraft:spruce_log":2,"tombstone:scroll_of_true_sight":1,"minecraft:purple_bed":5,"minecraft:slime_ball":18,"minecraft:polished_diorite":45,"minecraft:stone_axe":17,"minecraft:diamond_axe":1,"minecraft:oak_button":1,"minecraft:baked_potato":1,"minecraft:brown_banner":2,"minecraft:melon_seeds":22,"minecraft:ender_pearl":1,"iceandfire:deathworm_egg":2,"minecraft:wheat":370,"minecraft:black_carpet":1,"minecraft:nether_brick_fence":1,"minecraft:yellow_wool":6,"minecraft:sentry_armor_trim_smithing_template":8,"alexscaves:cave_tablet":2,"minecraft:potion":5,"iceandfire:myrmex_jungle_chitin":3,"minecraft:gilded_blackstone":6,"minecraft:stone_brick_stairs":2,"tombstone:grave_key":1,"minecraft:raw_copper":244,"minecraft:iron_leggings":4,"minecraft:armor_stand":1,"minecraft:zombie_head":1,"minecraft:oak_sign":1,"alexsmobs:banana":3,"minecraft:bucket":1,"minecraft:eye_armor_trim_smithing_template":2,"minecraft:cobblestone_slab":6,"minecraft:calcite":20,"minecraft:iron_pickaxe":2,"iceandfire:dragonscales_red":13,"minecraft:furnace":6,"minecraft:stick":114,"supplementaries:speaker_block":2,"born_in_chaos_v1:flaming_evil_pumpkin":3,"born_in_chaos_v1:phantom_powder":1,"minecraft:torch":84,"minecraft:porkchop":24,"minecraft:pointed_dripstone":1,"tombstone:grave_dust":28,"minecraft:diorite":15,"born_in_chaos_v1:nightmare_claw":3,"quark:ancient_tome":8,"alexscaves:corrodent_teeth":3,"minecraft:cactus":10,"minecraft:rotten_flesh":197,"iceandfire:dragonegg_bronze":1,"supplementaries:antique_ink":4,"minecraft:mangrove_roots":5,"undead_revamp2:arapholia":5,"minecraft:cobblestone":818,"luminousworld:savannah_ground":15,"minecraft:andesite":40,"minecraft:black_bed":1,"minecraft:potato":358,"minecraft:tuff":5,"create:raw_zinc":69,"supplementaries:flax_seeds":19,"minecraft:lapis_lazuli":99,"minecraft:dirt":2581,"iceandfire:dragonscales_bronze":17,"born_in_chaos_v1:monster_skin":16,"minecraft:bone":93,"minecraft:acacia_planks":3,"iceandfire:myrmex_jungle_resin":1,"minecraft:bow":3,"minecraft:wheat_seeds":377,"minecraft:raw_gold":18,"minecraft:bell":1,"minecraft:grindstone":9,"alexscaves:moth_ball":5,"minecraft:fletching_table":11,"minecraft:bamboo":20,"minecraft:oak_planks":31,"minecraft:poisonous_potato":1,"minecraft:polished_blackstone_slab":1,"minecraft:sand":270,"minecraft:jungle_planks":18,"minecraft:cyan_bed":5,"minecraft:dark_prismarine_slab":7,"born_in_chaos_v1:fire_dust":6,"tombstone:familiar_stone":1,"minecraft:diamond":11,"iceandfire:dragonbone_sword_fire":3,"alexsmobs:rattlesnake_rattle":2,"minecraft:crossbow":2,"minecraft:bone_meal":20,"minecraft:golden_apple":4,"minecraft:emerald":86,"minecraft:oak_sapling":110,"minecraft:netherrack":31,"iceandfire:silver_nugget":4,"minecraft:nether_star":1,"undead_revamp2:bostroxingot":3,"minecraft:charcoal":6,"minecraft:cocoa_beans":52,"born_in_chaos_v1:diamond_termite_shard":9,"minecraft:allium":20,"born_in_chaos_v1:river_mint":6,"iceandfire:fire_lily":1,"minecraft:brown_mushroom":7,"iceandfire:chain":1,"minecraft:gold_block":22,"minecraft:chain":1,"minecraft:shield":2,"minecraft:iron_axe":1,"minecraft:birch_fence":40,"minecraft:dark_prismarine_stairs":1,"minecraft:oak_boat":1,"minecraft:lectern":790,"minecraft:sugar_cane":728,"minecraft:raw_iron":55,"iceandfire:dragonbone":160,"iceandfire:dragonscales_green":225,"iceandfire:troll_tusk":80,"iceandfire:deathworm_chitin_red":14,"minecraft:copper_ingot":41,"minecraft:polished_blackstone_bricks":4,"minecraft:stone_button":2,"quark:birch_chest":8,"minecraft:cookie":10,"minecraft:light_blue_bed":1,"iceandfire:deathworm_egg_giant":3,"minecraft:dark_oak_planks":43,"minecraft:arrow":54,"alexscaves:dark_tatters":49,"minecraft:nether_bricks":1,"alexscaves:spelunkery_table":4,"minecraft:black_banner":1,"alexscaves:vesper_wing":5,"born_in_chaos_v1:fused_bone":8,"born_in_chaos_v1:corpse_maggot":36,"minecraft:air":10,"minecraft:basalt":83,"minecraft:leather":13,"minecraft:crimson_fungus":2,"minecraft:chainmail_chestplate":7,"iceandfire:ectoplasm":5,"minecraft:yellow_bed":2,"minecraft:gunpowder":19,"iceandfire:deathworm_tounge":1,"minecraft:red_nether_brick_stairs":1,"minecraft:gray_carpet":11,"minecraft:iron_ingot":121,"supplementaries:soap_block":1,"iceandfire:sea_serpent_scales_deepblue":9,"iceandfire:fire_dragon_flesh":17,"minecraft:acacia_sapling":7,"minecraft:green_dye":3,"minecraft:book":201,"minecraft:oak_slab":7,"minecraft:pink_bed":3,"minecraft:emerald_block":2,"minecraft:pumpkin":15,"minecraft:chiseled_stone_bricks":11,"iceandfire:ash":3,"minecraft:quartz":3,"minecraft:dandelion":2,"born_in_chaos_v1:dark_rod":5,"minecraft:amethyst_shard":20,"minecraft:blast_furnace":25,"minecraft:white_bed":2,"minecraft:nether_brick_slab":3,"quark:oak_chest":2,"minecraft:spider_eye":26,"undead_revamp2:rawbostrox":1,"minecraft:polished_diorite_stairs":11,"minecraft:pumpkin_seeds":16,"minecraft:chainmail_leggings":1,"minecraft:iron_helmet":15,"tombstone:magic_scroll":7,"minecraft:coal":343,"minecraft:wooden_axe":1},"minecraft:custom":{"minecraft:interact_with_crafting_table":102,"minecraft:open_barrel":33,"minecraft:bell_ring":38,"minecraft:eat_cake_slice":13,"minecraft:leave_game":31,"minecraft:time_since_death":163544,"minecraft:damage_blocked_by_shield":3015,"minecraft:play_time":1910870,"minecraft:deaths":58,"minecraft:jump":26226,"minecraft:enchant_item":3,"minecraft:interact_with_furnace":55,"minecraft:traded_with_villager":1027,"minecraft:interact_with_cartography_table":1,"minecraft:sleep_in_bed":63,"tombstone:sneak_grave":1,"minecraft:damage_dealt":126656,"tombstone:undead_killed":174,"minecraft:interact_with_smithing_table":2,"minecraft:interact_with_smoker":8,"minecraft:inspect_dispenser":1,"minecraft:interact_with_anvil":22,"minecraft:sneak_time":31568,"minecraft:interact_with_blast_furnace":90,"minecraft:total_world_time":1910870,"tombstone:raider_killed":26,"minecraft:time_since_rest":111814,"tombstone:cast_on_ally":4,"minecraft:swim_one_cm":404898,"minecraft:fly_one_cm":6223956,"minecraft:open_chest":791,"minecraft:fall_one_cm":502116,"minecraft:animals_bred":1,"minecraft:sprint_one_cm":3850731,"minecraft:drop":718,"minecraft:talked_to_villager":1702,"minecraft:interact_with_brewingstand":24,"minecraft:walk_on_water_one_cm":302634,"minecraft:interact_with_loom":13,"minecraft:player_kills":1,"minecraft:crouch_one_cm":81635,"tombstone:villager_killed":10,"minecraft:mob_kills":560,"minecraft:damage_dealt_resisted":4371,"minecraft:climb_one_cm":109329,"minecraft:walk_one_cm":4981703,"minecraft:walk_under_water_one_cm":91106,"minecraft:boat_one_cm":217632,"minecraft:pot_flower":1,"minecraft:interact_with_grindstone":1,"minecraft:damage_taken":37668,"minecraft:damage_absorbed":138,"minecraft:trigger_trapped_chest":1},"minecraft:broken":{"iceandfire:deathworm_yellow_boots":1,"minecraft:iron_chestplate":1,"minecraft:iron_leggings":1,"minecraft:diamond_shovel":1,"minecraft:iron_sword":1,"iceandfire:armor_bronze_helmet":1,"iceandfire:deathworm_yellow_chestplate":1,"minecraft:chainmail_leggings":1,"minecraft:iron_axe":5,"minecraft:iron_pickaxe":6,"mowziesmobs:umvuthana_mask_rage":1,"minecraft:stone_axe":8,"minecraft:wooden_axe":2,"minecraft:flint_and_steel":1},"minecraft:killed":{"illagerinvasion:archivist":6,"minecraft:cave_spider":62,"alexsmobs:lobster":1,"born_in_chaos_v1:restless_spirit":2,"born_in_chaos_v1:zombie_lumberjack":1,"born_in_chaos_v1:siamese_skeletonsright":5,"illagerinvasion:basher":2,"undead_revamp2:theswarmer":2,"minecraft:skeleton":13,"alexscaves:underzealot":16,"alexscaves:forsaken":1,"enemyexpansion:vampflyer":1,"minecraft:magma_cube":7,"luminousworld:hollow":13,"minecraft:iron_golem":7,"undead_revamp2:theheavy":2,"mutantmonsters:mutant_skeleton":1,"born_in_chaos_v1:dread_hound_not_despawn":8,"minecraft:zombie":15,"born_in_chaos_v1:corpse_fly":27,"enemyexpansion:botfly":2,"born_in_chaos_v1:door_knight":3,"iceandfire:sea_serpent":1,"alexscaves:corrodent":1,"enemyexpansion:trollenraged":1,"minecraft:evoker":2,"undead_revamp2:thehunter":1,"alexscaves:vesper":4,"minecraft:vindicator":4,"illagerinvasion:marauder":4,"quark:toretoise":1,"alexsmobs:seagull":1,"undead_revamp2:bomber":1,"minecraft:zoglin":1,"undead_revamp2:thebidy":1,"enemyexpansion:scorpion":10,"minecraft:husk":6,"alexsmobs:guster":11,"born_in_chaos_v1:bone_imp_minion":1,"undead_revamp2:the_moonflower":17,"enemyexpansion:sprinter":3,"minecraft:wandering_trader":1,"born_in_chaos_v1:decrepit_skeleton":11,"alexsmobs:catfish":1,"born_in_chaos_v1:bloody_gadfly":1,"undead_revamp2:thesomnolence":2,"endermanoverhaul:cave_enderman":1,"iceandfire:ghost":15,"born_in_chaos_v1:dark_vortex":3,"naturalist:lizard":1,"born_in_chaos_v1:zombie_clown":2,"alexscaves:gloomoth":4,"born_in_chaos_v1:seared_spirit":1,"minecraft:spider":4,"undead_revamp2:thesmoker":4,"naturalist:snail":1,"illagerinvasion:provoker":5,"minecraft:silverfish":3,"undead_revamp2:therod":1,"minecraft:piglin_brute":2,"artifacts:mimic":1,"minecraft:piglin":1,"minecraft:pig":9,"born_in_chaos_v1:diamond_termite":9,"minecraft:zombie_villager":9,"illagerinvasion:alchemist":1,"minecraft:creeper":4,"undead_revamp2:thebidyupside":2,"born_in_chaos_v1:zombie_fisherman":2,"luminousworld:savannah_skeleton":4,"born_in_chaos_v1:dread_hound":8,"alexsmobs:komodo_dragon":1,"minecraft:blaze":1,"born_in_chaos_v1:siamese_skeletonsleft":5,"born_in_chaos_v1:missioner":1,"undead_revamp2:thegliter":1,"born_in_chaos_v1:zombie_clown_not_despawn":1,"alexscaves:watcher":1,"minecraft:slime":1,"enemyexpansion:direwolf":12,"alexsmobs:rattlesnake":2,"born_in_chaos_v1:zombie_bruiser":4,"born_in_chaos_v1:maggot":31,"minecraft:phantom":2,"earthmobsmod:wither_skeleton_wolf":1,"iceandfire:fire_dragon":6,"takesapillage:clay_golem":5,"minecraft:drowned":1,"born_in_chaos_v1:corpse_fish":1,"iceandfire:deathworm":13,"enemyexpansion:goblin":1,"luminousworld:savannah_zombie":3,"enemyexpansion:starved":5,"born_in_chaos_v1:baby_skeleton":8,"born_in_chaos_v1:swarmer":2,"mowziesmobs:umvuthana_follower_raptor":5,"born_in_chaos_v1:decaying_zombie":1,"enemyexpansion:huntsman":1,"born_in_chaos_v1:nightmare_stalker":3,"minecraft:villager":9,"enemyexpansion:slugger":4},"minecraft:used":{"minecraft:beetroot":15,"minecraft:nether_brick_fence":1,"minecraft:writable_book":3,"minecraft:ladder":8,"minecraft:chest":23,"minecraft:stone":12,"minecraft:rotten_flesh":6,"minecraft:cocoa_beans":12,"minecraft:acacia_sapling":4,"minecraft:acacia_button":4,"minecraft:dark_oak_slab":12,"minecraft:stone_brick_stairs":2,"minecraft:bow":107,"minecraft:oak_sapling":32,"supplementaries:ash":6,"minecraft:furnace":3,"minecraft:potato":12,"minecraft:composter":6,"minecraft:cookie":6,"minecraft:golden_apple":4,"minecraft:glow_berries":1,"minecraft:sand":44,"minecraft:blast_furnace":28,"minecraft:pumpkin_seeds":16,"minecraft:birch_fence":8,"minecraft:chiseled_sandstone":1,"minecraft:lectern":791,"alexscaves:guanostone":63,"minecraft:diamond_sword":640,"minecraft:dark_oak_fence":5,"minecraft:smithing_table":9,"minecraft:oak_boat":2,"tombstone:scroll_of_lightning_resistance":1,"minecraft:acacia_log":5,"minecraft:brewing_stand":1,"minecraft:netherrack":4,"minecraft:stick":12,"minecraft:orange_bed":3,"minecraft:torch":453,"create:ochrum":1,"minecraft:polished_diorite":11,"alexscaves:coprolith":46,"minecraft:iron_axe":892,"minecraft:jungle_log":7,"supplementaries:speaker_block":3,"minecraft:totem_of_undying":1,"minecraft:melon_seeds":21,"minecraft:smooth_basalt":5,"minecraft:diamond_chestplate":1,"minecraft:basalt":11,"tombstone:gift":12,"undead_revamp2:arapholia":1,"minecraft:cobbled_deepslate":67,"minecraft:acacia_planks":34,"minecraft:calcite":18,"minecraft:wheat_seeds":59,"minecraft:yellow_banner":1,"minecraft:cartography_table":9,"minecraft:fletching_table":13,"minecraft:tnt":1,"minecraft:crafting_table":11,"minecraft:oak_slab":9,"iceandfire:deathworm_yellow_boots":1,"minecraft:red_bed":1,"supplementaries:bomb":2,"minecraft:white_bed":12,"minecraft:dark_oak_fence_gate":2,"minecraft:oak_log":7,"minecraft:diamond_shovel":2914,"iceandfire:dragonbone_sword_fire":152,"minecraft:iron_pickaxe":2167,"tombstone:magic_scroll":9,"minecraft:chiseled_stone_bricks":7,"minecraft:cobblestone":134,"minecraft:pink_bed":3,"minecraft:potion":17,"minecraft:purple_bed":5,"minecraft:sandstone_slab":5,"quark:oak_chest":4,"minecraft:diamond_leggings":1,"minecraft:iron_shovel":308,"minecraft:diamond_hoe":959,"minecraft:bone_block":3,"minecraft:oak_sign":10,"born_in_chaos_v1:intoxicating_decoction":1,"minecraft:shield":44,"minecraft:iron_sword":221,"minecraft:bell":2,"luminousworld:savannah_ground":1,"tombstone:scroll_of_preservation":3,"artifacts:umbrella":294,"minecraft:jungle_planks":376,"minecraft:nether_bricks":1,"iceandfire:deathworm_yellow_chestplate":1,"minecraft:carrot":4,"ecologics:prickly_pear":2,"minecraft:tuff":1,"minecraft:glass":1,"born_in_chaos_v1:corpse_maggot":4,"minecraft:packed_mud":5,"minecraft:light_blue_bed":1,"born_in_chaos_v1:gnawed_bones":1,"minecraft:stone_bricks":188,"iceandfire:deathworm_red_boots":1,"minecraft:mangrove_roots":5,"minecraft:gray_bed":4,"minecraft:beetroot_seeds":287,"minecraft:gold_block":2,"minecraft:dark_oak_stairs":22,"minecraft:wither_skeleton_skull":2,"minecraft:gray_carpet":1,"iceandfire:armor_bronze_helmet":1,"minecraft:oak_planks":76,"minecraft:ender_pearl":1,"minecraft:sandstone":45,"minecraft:sugar_cane":84,"minecraft:diamond_axe":1119,"alexscaves:cave_book":5,"minecraft:black_bed":1,"minecraft:shears":68,"minecraft:melon_slice":139,"minecraft:bread":409,"minecraft:cyan_bed":6,"tombstone:grave_key":27,"minecraft:gravel":30,"minecraft:jungle_sign":5,"minecraft:andesite":2,"minecraft:grindstone":8,"minecraft:coarse_dirt":2,"minecraft:bone_meal":18,"minecraft:experience_bottle":2,"sophisticatedbackpacks:iron_backpack":1,"quark:birch_chest":8,"minecraft:flint_and_steel":64,"minecraft:stone_shovel":26,"quark:jungle_chest":10,"minecraft:spruce_planks":1,"supplementaries:soap_block":1,"minecraft:dirt":953,"iceandfire:pixie_dust":7,"minecraft:granite":6,"minecraft:dark_oak_planks":74,"minecraft:iron_hoe":423,"minecraft:wooden_axe":115,"minecraft:oak_stairs":1,"minecraft:acacia_slab":2,"alexscaves:spelunkery_table":4,"alexsmobs:banana":19,"minecraft:cooked_beef":3,"minecraft:pumpkin":13,"minecraft:light_gray_bed":7,"minecraft:brown_bed":7,"minecraft:glass_bottle":13,"minecraft:baked_potato":1,"luminousworld:ishstone":9,"minecraft:green_bed":1,"born_in_chaos_v1:flaming_evil_pumpkin":1,"minecraft:smoker":1,"tombstone:bag_of_seeds":2,"minecraft:flower_pot":1,"minecraft:apple":53,"minecraft:stone_axe":867,"minecraft:bucket":3,"minecraft:yellow_bed":2,"iceandfire:lectern":2,"minecraft:chainmail_leggings":1}},"DataVersion":3465}