{"stats":{"minecraft:used":{"minecraft:cooked_mutton":5,"minecraft:gray_carpet":1,"minecraft:sandstone":9,"minecraft:chainmail_helmet":2,"luminousworld:groundpebbles_1":2,"minecraft:bell":8,"minecraft:iron_chestplate":1,"minecraft:dirt":4,"minecraft:sand":149,"alexscaves:cave_book":1,"minecraft:diamond_pickaxe":176,"minecraft:diamond_shovel":356,"minecraft:iron_axe":6,"minecraft:bread":15,"minecraft:iron_helmet":2,"minecraft:cobblestone":1,"minecraft:bow":1,"minecraft:chainmail_boots":1,"supplementaries:bamboo_spikes":8,"alexsmobs:banana":4,"alexsmobs:animal_dictionary":1,"supplementaries:soap":1,"minecraft:diamond_leggings":2,"minecraft:iron_leggings":2},"minecraft:mined":{"luminousworld:groundpebbles_1":1,"minecraft:grass_block":6,"minecraft:frosted_ice":10,"minecraft:kelp":1,"minecraft:sandstone":157,"supplementaries:urn":1,"luminousworld:yellow_grassflowers":1,"minecraft:fire":2,"minecraft:bell":4,"minecraft:vine":2,"minecraft:sand":352,"minecraft:dirt":1,"minecraft:gray_carpet":1,"minecraft:stone":10,"minecraft:oak_leaves":1},"minecraft:dropped":{"supplementaries:bamboo_spikes":2,"alexsmobs:animal_dictionary":1,"minecraft:cobblestone":9,"minecraft:chainmail_helmet":8,"supplementaries:soap":2,"minecraft:sandstone":26,"minecraft:iron_axe":1,"minecraft:bow":1},"minecraft:custom":{"minecraft:interact_with_furnace":1,"minecraft:mob_kills":1,"minecraft:interact_with_crafting_table":1,"minecraft:open_barrel":6,"minecraft:bell_ring":8,"minecraft:leave_game":1,"minecraft:time_since_death":62231,"minecraft:sleep_in_bed":4,"minecraft:climb_one_cm":3722,"minecraft:time_since_rest":10691,"minecraft:sprint_one_cm":248007,"minecraft:damage_taken":960,"minecraft:walk_one_cm":166735,"minecraft:drop":18,"minecraft:damage_dealt":534,"minecraft:swim_one_cm":390,"minecraft:talked_to_villager":3,"minecraft:fly_one_cm":335469,"minecraft:open_chest":47,"minecraft:crouch_one_cm":17118,"minecraft:play_time":62231,"minecraft:sneak_time":3604,"minecraft:walk_under_water_one_cm":218,"minecraft:jump":1299,"minecraft:interact_with_blast_furnace":1,"minecraft:walk_on_water_one_cm":1987,"minecraft:total_world_time":62231,"minecraft:fall_one_cm":25189},"minecraft:killed":{"minecraft:cave_spider":1},"minecraft:picked_up":{"luminousworld:groundpebbles_1":2,"minecraft:iron_chestplate":1,"minecraft:wheat":1,"minecraft:chainmail_boots":1,"supplementaries:soap":11,"minecraft:dirt":4,"minecraft:iron_axe":1,"minecraft:iron_leggings":1,"minecraft:bone":1,"minecraft:gray_carpet":1,"minecraft:bow":1,"minecraft:diamond_leggings":1,"alexsmobs:banana":4,"minecraft:bell":8,"minecraft:beef":1,"minecraft:sugar_cane":2,"minecraft:sandstone":163,"iceandfire:dragonbone":46,"iceandfire:dragon_skull_fire":1,"minecraft:sand":366,"minecraft:arrow":3,"supplementaries:bamboo_spikes":3,"minecraft:chainmail_leggings":1,"minecraft:iron_helmet":1,"minecraft:chainmail_helmet":9,"minecraft:bread":92,"minecraft:cobblestone":10,"minecraft:diamond_pickaxe":1},"minecraft:crafted":{"supplementaries:bubble_blower":5}},"DataVersion":3465}