{"stats":{"minecraft:dropped":{"born_in_chaos_v1:intoxicating_decoction":1,"naturalist:duck_egg":1,"iceandfire:dragonbone_sword":2,"minecraft:sugar_cane":2,"minecraft:wheat_seeds":3,"supplementaries:bamboo_spikes":2,"alexsmobs:animal_dictionary":1,"minecraft:diamond_leggings":1,"minecraft:cobblestone":9,"iceandfire:dragonbone_sword_fire":1,"minecraft:chainmail_helmet":8,"supplementaries:soap":2,"minecraft:brewing_stand":1,"born_in_chaos_v1:corpse_maggot":36,"minecraft:iron_leggings":1,"minecraft:sand":145,"minecraft:sandstone":154,"minecraft:iron_axe":1,"minecraft:bow":1,"minecraft:beef":1,"minecraft:bone":1},"minecraft:mined":{"luminousworld:groundpebbles_1":1,"minecraft:jungle_leaves":2,"minecraft:brewing_stand":1,"minecraft:torch":1,"minecraft:grass_block":6,"luminousworld:grassvariant_2":1,"minecraft:kelp":2,"minecraft:frosted_ice":15,"minecraft:sandstone":157,"supplementaries:urn":1,"luminousworld:yellow_grassflowers":1,"minecraft:fire":2,"minecraft:bell":4,"minecraft:grass":2,"minecraft:vine":12,"minecraft:sand":352,"minecraft:dirt":1,"minecraft:gray_carpet":1,"minecraft:stone":10,"minecraft:fern":1,"minecraft:oak_leaves":2},"minecraft:crafted":{"iceandfire:dragonbone_sword":2,"iceandfire:armor_green_leggings":1,"iceandfire:dragonbone_sword_fire":1,"minecraft:jungle_boat":1,"iceandfire:tide_deepblue_leggings":1,"supplementaries:bubble_blower":5,"iceandfire:armor_green_helmet":1,"iceandfire:armor_green_boots":1},"minecraft:picked_up":{"born_in_chaos_v1:corpse_maggot":36,"luminousworld:groundpebbles_1":2,"minecraft:iron_chestplate":1,"minecraft:wheat":1,"minecraft:chainmail_boots":1,"supplementaries:soap":11,"minecraft:potion":8,"minecraft:brewing_stand":1,"minecraft:dirt":4,"minecraft:iron_axe":1,"minecraft:iron_leggings":3,"born_in_chaos_v1:intoxicating_decoction":1,"minecraft:bone":1,"minecraft:gray_carpet":1,"minecraft:bow":2,"minecraft:wheat_seeds":3,"minecraft:diamond_leggings":1,"alexsmobs:banana":4,"minecraft:bell":8,"minecraft:beef":1,"minecraft:sugar_cane":2,"minecraft:sandstone":163,"iceandfire:dragonbone":46,"iceandfire:dragonbone_sword":1,"minecraft:torch":1,"iceandfire:dragon_skull_fire":1,"minecraft:sand":367,"naturalist:duck_egg":1,"minecraft:arrow":38,"supplementaries:bamboo_spikes":3,"iceandfire:dragonbone_sword_fire":1,"minecraft:chainmail_leggings":1,"minecraft:iron_helmet":1,"minecraft:chainmail_helmet":9,"minecraft:bread":92,"minecraft:cobblestone":10,"minecraft:diamond_pickaxe":1},"minecraft:custom":{"minecraft:interact_with_furnace":2,"minecraft:mob_kills":6,"minecraft:interact_with_crafting_table":1,"minecraft:open_barrel":6,"minecraft:bell_ring":8,"minecraft:leave_game":1,"minecraft:time_since_death":105842,"minecraft:sleep_in_bed":7,"minecraft:climb_one_cm":14442,"minecraft:time_since_rest":9814,"minecraft:sprint_one_cm":374957,"minecraft:damage_taken":1167,"minecraft:walk_one_cm":237668,"minecraft:drop":73,"minecraft:damage_dealt":872,"minecraft:swim_one_cm":26889,"minecraft:talked_to_villager":3,"minecraft:fly_one_cm":560921,"minecraft:open_chest":53,"minecraft:crouch_one_cm":29528,"minecraft:play_time":105842,"tombstone:undead_killed":1,"minecraft:sneak_time":7431,"minecraft:walk_under_water_one_cm":1825,"minecraft:boat_one_cm":3566,"minecraft:interact_with_brewingstand":1,"minecraft:jump":2085,"minecraft:interact_with_blast_furnace":2,"minecraft:walk_on_water_one_cm":8738,"minecraft:enchant_item":2,"minecraft:total_world_time":105842,"minecraft:fall_one_cm":45848},"minecraft:killed":{"alexsmobs:guster":1,"minecraft:cave_spider":1,"luminousworld:hollow":1,"luminousworld:swallowtail":1,"alexsmobs:rain_frog":1,"naturalist:lizard":1},"minecraft:used":{"minecraft:cooked_mutton":5,"minecraft:gray_carpet":1,"iceandfire:armor_green_helmet":2,"minecraft:sandstone":9,"minecraft:chainmail_helmet":2,"luminousworld:groundpebbles_1":2,"minecraft:bell":8,"minecraft:jungle_boat":1,"minecraft:iron_chestplate":1,"minecraft:torch":1,"minecraft:dirt":4,"minecraft:sand":175,"alexscaves:cave_book":1,"iceandfire:tide_deepblue_leggings":1,"minecraft:diamond_pickaxe":183,"minecraft:diamond_shovel":356,"iceandfire:dragonbone_sword_fire":7,"minecraft:iron_axe":7,"minecraft:bread":15,"minecraft:iron_helmet":2,"minecraft:bow":19,"minecraft:cobblestone":1,"minecraft:chainmail_boots":1,"iceandfire:armor_green_boots":2,"supplementaries:bamboo_spikes":8,"alexsmobs:banana":4,"alexsmobs:animal_dictionary":1,"supplementaries:soap":1,"minecraft:diamond_leggings":2,"minecraft:iron_leggings":3}},"DataVersion":3465}