{"stats":{"minecraft:dropped":{"minecraft:enchanted_book":2,"iceandfire:dragonbone_sword":2,"minecraft:iron_ingot":1,"born_in_chaos_v1:intoxicating_decoction":1,"minecraft:wheat_seeds":4,"supplementaries:bamboo_spikes":2,"minecraft:lilac":2,"minecraft:diamond_leggings":1,"minecraft:cobblestone":29,"minecraft:chainmail_helmet":8,"minecraft:dirt":10,"minecraft:brewing_stand":1,"tombstone:scroll_of_true_sight":1,"minecraft:rose_bush":1,"minecraft:potion":2,"minecraft:iron_leggings":1,"minecraft:iron_axe":1,"minecraft:sand":145,"minecraft:bone":1,"quark:ancient_tome":4,"naturalist:duck_egg":1,"minecraft:sugar_cane":2,"alexsmobs:animal_dictionary":1,"iceandfire:dragonbone_sword_fire":2,"supplementaries:soap":2,"born_in_chaos_v1:corpse_maggot":36,"minecraft:stone_bricks":2,"minecraft:sandstone":154,"minecraft:bow":2,"minecraft:beef":1,"minecraft:vex_armor_trim_smithing_template":1},"minecraft:mined":{"minecraft:waxed_cut_copper_slab":1,"luminousworld:groundpebbles_1":1,"minecraft:spruce_planks":1,"minecraft:mossy_cobblestone":1,"luminousworld:grassvariant_4":1,"minecraft:cobblestone_stairs":3,"minecraft:jungle_leaves":2,"minecraft:brewing_stand":1,"minecraft:grass_block":31,"minecraft:brick_stairs":2,"luminousworld:grassvariant_2":3,"minecraft:frosted_ice":15,"minecraft:kelp":2,"minecraft:sandstone":157,"minecraft:spawner":1,"luminousworld:yellow_grassflowers":1,"minecraft:fire":2,"minecraft:bell":4,"minecraft:polished_deepslate":3,"minecraft:vine":12,"iceandfire:gold_pile":3,"minecraft:iron_bars":1,"minecraft:stone":28,"minecraft:bone_block":2,"minecraft:oak_slab":1,"minecraft:glass_pane":1,"minecraft:torch":1,"minecraft:note_block":1,"minecraft:calcite":3,"minecraft:cobblestone":8,"minecraft:wall_torch":1,"supplementaries:urn":1,"minecraft:brick_slab":1,"minecraft:grass":17,"iceandfire:silver_pile":3,"minecraft:gray_carpet":1,"minecraft:sand":352,"minecraft:dirt":6,"luminousworld:grassvariant_3":1,"minecraft:stone_bricks":2,"minecraft:oak_leaves":2,"minecraft:fern":3},"minecraft:crafted":{"iceandfire:armor_green_leggings":1,"iceandfire:dragonbone_sword_fire":1,"iceandfire:armor_green_helmet":1,"iceandfire:dragonbone_sword":2,"minecraft:jungle_boat":1,"iceandfire:tide_deepblue_leggings":1,"supplementaries:bubble_blower":5,"iceandfire:armor_green_boots":1},"minecraft:picked_up":{"luminousworld:groundpebbles_1":2,"minecraft:iron_chestplate":1,"minecraft:wheat":1,"minecraft:chainmail_boots":1,"minecraft:potion":10,"minecraft:brewing_stand":1,"minecraft:polished_deepslate":3,"minecraft:waxed_cut_copper_slab":1,"minecraft:iron_axe":1,"minecraft:iron_leggings":3,"born_in_chaos_v1:intoxicating_decoction":1,"minecraft:diamond_leggings":1,"minecraft:gold_nugget":10,"alexsmobs:banana":4,"minecraft:spruce_planks":1,"minecraft:beef":1,"minecraft:rose_bush":1,"minecraft:calcite":3,"minecraft:sugar_cane":2,"minecraft:sandstone":163,"iceandfire:dragonbone":46,"minecraft:torch":3,"minecraft:note_block":1,"minecraft:arrow":38,"minecraft:rotten_flesh":4,"minecraft:brick_stairs":2,"minecraft:iron_bars":1,"minecraft:bone_block":2,"minecraft:cobblestone":35,"born_in_chaos_v1:corpse_maggot":36,"minecraft:lilac":2,"born_in_chaos_v1:monster_flesh":6,"supplementaries:soap":11,"minecraft:cobblestone_stairs":3,"minecraft:dirt":39,"minecraft:bone":1,"minecraft:gray_carpet":1,"minecraft:stone_bricks":2,"minecraft:bow":3,"minecraft:wheat_seeds":5,"minecraft:bell":8,"minecraft:iron_ingot":1,"minecraft:oak_slab":1,"iceandfire:dragonbone_sword":1,"minecraft:dandelion":3,"iceandfire:dragon_skull_fire":1,"minecraft:sand":367,"naturalist:duck_egg":1,"minecraft:mossy_cobblestone":1,"minecraft:brick_slab":1,"minecraft:bundle":2,"supplementaries:bamboo_spikes":3,"iceandfire:dragonbone_sword_fire":2,"minecraft:chainmail_leggings":1,"minecraft:iron_helmet":1,"minecraft:bread":92,"minecraft:chainmail_helmet":9,"iceandfire:silver_nugget":8,"minecraft:diamond_pickaxe":1},"minecraft:custom":{"minecraft:mob_kills":13,"minecraft:interact_with_crafting_table":1,"minecraft:open_barrel":17,"minecraft:bell_ring":8,"minecraft:damage_dealt_resisted":76,"minecraft:leave_game":1,"minecraft:time_since_death":141842,"minecraft:climb_one_cm":18340,"minecraft:sprint_one_cm":511356,"minecraft:walk_one_cm":298048,"minecraft:drop":101,"minecraft:play_noteblock":2,"minecraft:talked_to_villager":5,"minecraft:play_time":141842,"minecraft:sneak_time":8727,"minecraft:walk_under_water_one_cm":2099,"minecraft:boat_one_cm":3566,"minecraft:jump":3155,"minecraft:interact_with_brewingstand":1,"minecraft:interact_with_blast_furnace":2,"minecraft:walk_on_water_one_cm":10465,"minecraft:enchant_item":2,"minecraft:total_world_time":141842,"minecraft:interact_with_furnace":2,"minecraft:sleep_in_bed":7,"minecraft:time_since_rest":45814,"minecraft:damage_taken":1536,"minecraft:damage_dealt":3338,"minecraft:swim_one_cm":29591,"minecraft:fly_one_cm":783021,"minecraft:open_chest":58,"minecraft:crouch_one_cm":32533,"tombstone:undead_killed":7,"minecraft:fall_one_cm":76030},"minecraft:killed":{"minecraft:cave_spider":1,"luminousworld:swallowtail":1,"born_in_chaos_v1:zombie_bruiser":1,"minecraft:skeleton":4,"alexsmobs:guster":1,"luminousworld:hollow":1,"naturalist:snake":1,"undead_revamp2:the_moonflower":1,"alexsmobs:rain_frog":1,"naturalist:lizard":1},"minecraft:used":{"minecraft:polished_deepslate":3,"minecraft:bone_block":2,"minecraft:bell":8,"minecraft:iron_chestplate":1,"minecraft:torch":5,"minecraft:dirt":29,"minecraft:brick_slab":1,"iceandfire:tide_deepblue_leggings":1,"minecraft:iron_axe":7,"minecraft:brick_stairs":2,"minecraft:iron_helmet":2,"minecraft:waxed_cut_copper_slab":1,"minecraft:bow":38,"iceandfire:armor_green_boots":2,"alexsmobs:banana":4,"minecraft:iron_leggings":3,"minecraft:cooked_mutton":5,"minecraft:cobblestone_stairs":3,"minecraft:gray_carpet":1,"iceandfire:armor_green_helmet":2,"minecraft:sandstone":9,"minecraft:chainmail_helmet":2,"luminousworld:groundpebbles_1":2,"minecraft:jungle_boat":1,"minecraft:sand":175,"alexscaves:cave_book":1,"minecraft:diamond_pickaxe":237,"minecraft:diamond_shovel":390,"iceandfire:dragonbone_sword_fire":56,"minecraft:bread":27,"minecraft:cobblestone":6,"minecraft:chainmail_boots":1,"supplementaries:bamboo_spikes":8,"alexsmobs:animal_dictionary":1,"minecraft:diamond_leggings":2,"supplementaries:soap":1}},"DataVersion":3465}