{"stats":{"minecraft:dropped":{"iceandfire:dragonbone_sword":2,"supplementaries:bamboo_spikes":2,"alexsmobs:animal_dictionary":1,"minecraft:cobblestone":9,"iceandfire:dragonbone_sword_fire":1,"minecraft:chainmail_helmet":8,"supplementaries:soap":2,"born_in_chaos_v1:corpse_maggot":36,"minecraft:iron_leggings":1,"minecraft:sand":145,"minecraft:sandstone":154,"minecraft:iron_axe":1,"minecraft:bow":1},"minecraft:mined":{"luminousworld:groundpebbles_1":1,"minecraft:grass_block":6,"luminousworld:grassvariant_2":1,"minecraft:kelp":2,"minecraft:frosted_ice":15,"minecraft:sandstone":157,"supplementaries:urn":1,"luminousworld:yellow_grassflowers":1,"minecraft:fire":2,"minecraft:bell":4,"minecraft:vine":2,"minecraft:sand":352,"minecraft:dirt":1,"minecraft:gray_carpet":1,"minecraft:stone":10,"minecraft:oak_leaves":1},"minecraft:crafted":{"iceandfire:dragonbone_sword":2,"iceandfire:dragonbone_sword_fire":1,"supplementaries:bubble_blower":5},"minecraft:picked_up":{"born_in_chaos_v1:corpse_maggot":36,"luminousworld:groundpebbles_1":2,"minecraft:iron_chestplate":1,"minecraft:wheat":1,"minecraft:chainmail_boots":1,"supplementaries:soap":11,"minecraft:dirt":4,"minecraft:iron_axe":1,"minecraft:iron_leggings":3,"minecraft:bone":1,"minecraft:gray_carpet":1,"minecraft:bow":1,"minecraft:diamond_leggings":1,"alexsmobs:banana":4,"minecraft:bell":8,"minecraft:beef":1,"minecraft:sugar_cane":2,"minecraft:sandstone":163,"iceandfire:dragonbone":46,"iceandfire:dragonbone_sword":1,"iceandfire:dragon_skull_fire":1,"minecraft:sand":366,"minecraft:arrow":3,"supplementaries:bamboo_spikes":3,"iceandfire:dragonbone_sword_fire":1,"minecraft:chainmail_leggings":1,"minecraft:iron_helmet":1,"minecraft:chainmail_helmet":9,"minecraft:bread":92,"minecraft:cobblestone":10,"minecraft:diamond_pickaxe":1},"minecraft:custom":{"minecraft:interact_with_furnace":1,"minecraft:mob_kills":6,"minecraft:interact_with_crafting_table":1,"minecraft:open_barrel":6,"minecraft:bell_ring":8,"minecraft:leave_game":1,"minecraft:time_since_death":81842,"minecraft:sleep_in_bed":6,"minecraft:climb_one_cm":7584,"minecraft:time_since_rest":3354,"minecraft:sprint_one_cm":320951,"minecraft:damage_taken":1144,"minecraft:walk_one_cm":190583,"minecraft:drop":63,"minecraft:damage_dealt":807,"minecraft:swim_one_cm":1175,"minecraft:talked_to_villager":3,"minecraft:fly_one_cm":489652,"minecraft:open_chest":52,"minecraft:crouch_one_cm":24242,"minecraft:play_time":81842,"tombstone:undead_killed":1,"minecraft:sneak_time":5051,"minecraft:walk_under_water_one_cm":719,"minecraft:interact_with_brewingstand":1,"minecraft:jump":1766,"minecraft:interact_with_blast_furnace":2,"minecraft:walk_on_water_one_cm":2780,"minecraft:total_world_time":81842,"minecraft:fall_one_cm":39204},"minecraft:killed":{"alexsmobs:guster":1,"minecraft:cave_spider":1,"luminousworld:hollow":1,"luminousworld:swallowtail":1,"alexsmobs:rain_frog":1,"naturalist:lizard":1},"minecraft:used":{"minecraft:cooked_mutton":5,"minecraft:gray_carpet":1,"minecraft:sandstone":9,"minecraft:chainmail_helmet":2,"luminousworld:groundpebbles_1":2,"minecraft:bell":8,"minecraft:iron_chestplate":1,"minecraft:torch":1,"minecraft:dirt":4,"minecraft:sand":157,"alexscaves:cave_book":1,"minecraft:diamond_pickaxe":182,"minecraft:diamond_shovel":356,"iceandfire:dragonbone_sword_fire":6,"minecraft:iron_axe":7,"minecraft:bread":15,"minecraft:iron_helmet":2,"minecraft:bow":1,"minecraft:cobblestone":1,"minecraft:chainmail_boots":1,"supplementaries:bamboo_spikes":8,"alexsmobs:banana":4,"alexsmobs:animal_dictionary":1,"supplementaries:soap":1,"minecraft:diamond_leggings":2,"minecraft:iron_leggings":3}},"DataVersion":3465}