{"stats":{"minecraft:dropped":{"iceandfire:dragonbone_sword":2,"supplementaries:bamboo_spikes":2,"alexsmobs:animal_dictionary":1,"minecraft:cobblestone":9,"minecraft:chainmail_helmet":8,"supplementaries:soap":2,"minecraft:iron_leggings":1,"minecraft:sand":145,"minecraft:sandstone":154,"minecraft:iron_axe":1,"minecraft:bow":1},"minecraft:mined":{"luminousworld:groundpebbles_1":1,"minecraft:grass_block":6,"minecraft:kelp":2,"minecraft:frosted_ice":15,"minecraft:sandstone":157,"supplementaries:urn":1,"luminousworld:yellow_grassflowers":1,"minecraft:fire":2,"minecraft:bell":4,"minecraft:vine":2,"minecraft:sand":352,"minecraft:dirt":1,"minecraft:gray_carpet":1,"minecraft:stone":10,"minecraft:oak_leaves":1},"minecraft:crafted":{"iceandfire:dragonbone_sword":2,"iceandfire:dragonbone_sword_fire":1,"supplementaries:bubble_blower":5},"minecraft:picked_up":{"luminousworld:groundpebbles_1":2,"minecraft:iron_chestplate":1,"minecraft:wheat":1,"minecraft:chainmail_boots":1,"supplementaries:soap":11,"minecraft:dirt":4,"minecraft:iron_axe":1,"minecraft:iron_leggings":3,"minecraft:bone":1,"minecraft:gray_carpet":1,"minecraft:bow":1,"minecraft:diamond_leggings":1,"alexsmobs:banana":4,"minecraft:bell":8,"minecraft:beef":1,"minecraft:sugar_cane":2,"minecraft:sandstone":163,"iceandfire:dragonbone":46,"iceandfire:dragonbone_sword":1,"iceandfire:dragon_skull_fire":1,"minecraft:sand":366,"minecraft:arrow":3,"supplementaries:bamboo_spikes":3,"minecraft:chainmail_leggings":1,"minecraft:iron_helmet":1,"minecraft:chainmail_helmet":9,"minecraft:bread":92,"minecraft:cobblestone":10,"minecraft:diamond_pickaxe":1},"minecraft:custom":{"minecraft:interact_with_furnace":1,"minecraft:mob_kills":2,"minecraft:interact_with_crafting_table":1,"minecraft:open_barrel":6,"minecraft:bell_ring":8,"minecraft:leave_game":1,"minecraft:time_since_death":69842,"minecraft:sleep_in_bed":4,"minecraft:climb_one_cm":4262,"minecraft:time_since_rest":18302,"minecraft:sprint_one_cm":280369,"minecraft:damage_taken":1014,"minecraft:walk_one_cm":174767,"minecraft:drop":26,"minecraft:damage_dealt":545,"minecraft:swim_one_cm":390,"minecraft:talked_to_villager":3,"minecraft:fly_one_cm":387251,"minecraft:open_chest":51,"minecraft:crouch_one_cm":18321,"minecraft:play_time":69842,"tombstone:undead_killed":1,"minecraft:sneak_time":4046,"minecraft:walk_under_water_one_cm":560,"minecraft:jump":1488,"minecraft:interact_with_blast_furnace":1,"minecraft:walk_on_water_one_cm":2144,"minecraft:total_world_time":69842,"minecraft:fall_one_cm":31405},"minecraft:killed":{"minecraft:cave_spider":1,"luminousworld:hollow":1},"minecraft:used":{"minecraft:cooked_mutton":5,"minecraft:gray_carpet":1,"minecraft:sandstone":9,"minecraft:chainmail_helmet":2,"luminousworld:groundpebbles_1":2,"minecraft:bell":8,"minecraft:iron_chestplate":1,"minecraft:dirt":4,"minecraft:sand":157,"alexscaves:cave_book":1,"minecraft:diamond_pickaxe":182,"minecraft:diamond_shovel":356,"minecraft:iron_axe":7,"minecraft:bread":15,"minecraft:iron_helmet":2,"minecraft:bow":1,"minecraft:cobblestone":1,"minecraft:chainmail_boots":1,"supplementaries:bamboo_spikes":8,"alexsmobs:banana":4,"alexsmobs:animal_dictionary":1,"supplementaries:soap":1,"minecraft:diamond_leggings":2,"minecraft:iron_leggings":3}},"DataVersion":3465}