{"stats":{"minecraft:dropped":{"sophisticatedbackpacks:iron_backpack":1,"naturalist:lizard_tail":1,"minecraft:cooked_beef":5,"minecraft:item_frame":2,"sophisticatedbackpacks:gold_backpack":1,"minecraft:emerald":10,"born_in_chaos_v1:monster_flesh":1,"minecraft:dirt":1,"create:scorchia":4,"minecraft:jungle_sapling":7,"iceandfire:myrmex_jungle_chitin":3,"iceandfire:dragonbone_pickaxe":1,"minecraft:bone":1,"minecraft:wheat":1,"undead_revamp2:arapholia":1,"minecraft:rotten_flesh":3,"minecraft:nether_brick_fence":2,"alexsmobs:blood_sac":1,"create:scoria":1,"minecraft:jungle_log":42,"create:basin":2,"minecraft:iron_ingot":1,"minecraft:wheat_seeds":5,"minecraft:dripstone_block":2,"minecraft:yellow_terracotta":1,"minecraft:iron_helmet":2,"minecraft:cobblestone":22,"minecraft:apple":1,"minecraft:chainmail_helmet":11,"born_in_chaos_v1:gnawed_bones":1,"minecraft:dried_kelp":111,"minecraft:oak_stairs":1,"minecraft:chainmail_leggings":3,"minecraft:green_terracotta":6,"minecraft:iron_boots":1,"minecraft:name_tag":1,"minecraft:allium":3,"create:zinc_ingot":72,"minecraft:diamond_pickaxe":2,"minecraft:stone_bricks":2,"minecraft:warped_button":1,"minecraft:vex_armor_trim_smithing_template":1,"minecraft:oak_log":1,"minecraft:lime_terracotta":7,"minecraft:lantern":1,"minecraft:leather":7,"minecraft:polished_blackstone_brick_wall":6,"minecraft:music_disc_13":1,"minecraft:crimson_roots":2,"iceandfire:ash":7,"iceandfire:dragon_ice_spikes":14,"minecraft:blackstone":1,"minecraft:pointed_dripstone":1,"iceandfire:fire_lily":1,"minecraft:chainmail_chestplate":1,"supplementaries:ash":1,"iceandfire:chain":1,"minecraft:gunpowder":20,"minecraft:chainmail_boots":3,"iceandfire:frost_lily":12,"minecraft:arrow":1,"minecraft:netherrack":19,"minecraft:bread":70,"minecraft:diamond_leggings":1,"minecraft:lead":1,"minecraft:copper_ingot":168,"luminousworld:savannah_ground":14,"minecraft:iron_leggings":1,"minecraft:iron_axe":1,"minecraft:dandelion":1,"minecraft:kelp":1177,"iceandfire:dragonbone_sword_fire":1,"minecraft:iron_hoe":1,"iceandfire:myrmex_jungle_resin":1,"minecraft:totem_of_undying":1,"minecraft:filled_map":1,"minecraft:iron_chestplate":7,"minecraft:oak_sapling":5},"minecraft:mined":{"minecraft:dark_prismarine_stairs":1,"create:andesite_casing":28,"minecraft:jungle_leaves":18,"minecraft:red_nether_bricks":9,"minecraft:obsidian":27,"minecraft:granite":9,"minecraft:chiseled_polished_blackstone":3,"minecraft:jungle_log":112,"create:belt":5,"minecraft:crimson_fungus":2,"minecraft:hopper":1,"minecraft:nether_wart":28,"luminousworld:savanna_grass_2":6,"refinedstorage:crafting_grid":2,"minecraft:fire":63,"minecraft:cobbled_deepslate":7,"minecraft:deepslate_lapis_ore":14,"minecraft:nether_brick_stairs":11,"minecraft:water_cauldron":1,"minecraft:oak_stairs":2,"create:veridium":6,"create:mechanical_press":2,"create:limestone":3,"minecraft:tripwire":13,"minecraft:sandstone_slab":2,"create:cogwheel":14,"minecraft:potted_brown_mushroom":1,"minecraft:kelp_plant":24,"refinedstorage:magenta_creative_controller":2,"minecraft:crimson_nylium":11,"minecraft:torch":8,"born_in_chaos_v1:infected_deepslate_diamond_ore":3,"minecraft:blast_furnace":9,"minecraft:melon":2,"minecraft:polished_andesite_stairs":34,"minecraft:dead_bush":3,"create:scoria":2,"create:rope":1,"minecraft:glass":4,"minecraft:sugar_cane":25,"create:basin":5,"create:andesite_belt_funnel":3,"minecraft:chain":14,"create:portable_storage_interface":8,"minecraft:bamboo_planks":4,"create:mechanical_mixer":2,"minecraft:stone_brick_stairs":1,"minecraft:grass":71,"create:hand_crank":1,"luminousworld:grassvariant_3":3,"minecraft:mangrove_log":23,"minecraft:smooth_basalt":35,"minecraft:stonecutter":13,"minecraft:deepslate":242,"create:zinc_ore":99,"minecraft:yellow_terracotta":1,"iceandfire:silver_ore":19,"minecraft:mossy_cobblestone":1,"minecraft:dark_oak_log":23,"minecraft:nether_bricks":25,"minecraft:dark_oak_fence":4,"minecraft:jungle_planks":5,"born_in_chaos_v1:black_argillite":1,"minecraft:crimson_roots":24,"iceandfire:deepslate_silver_ore":1,"luminousworld:grassvariant_2":1,"create:encased_fan":1,"minecraft:kelp":40,"minecraft:redstone_ore":10,"create:shaft":30,"minecraft:jungle_sapling":40,"supplementaries:bamboo_spikes":7,"placeablesmod:water_bucket_block":1,"minecraft:andesite":332,"minecraft:green_terracotta":6,"minecraft:cobblestone_slab":6,"minecraft:vine":50,"create:chute":2,"create:deployer":3,"luminousworld:groundpebbles_2":1,"minecraft:bamboo":2,"minecraft:bone_block":3,"minecraft:white_wool":15,"minecraft:oak_slab":3,"minecraft:soul_sand":30,"minecraft:dandelion":3,"minecraft:polished_blackstone_brick_wall":2,"minecraft:emerald_ore":2,"minecraft:campfire":1,"minecraft:copper_ore":46,"minecraft:tall_grass":3,"minecraft:deepslate_gold_ore":29,"minecraft:diorite":18,"create:mechanical_saw":7,"create:blaze_burner":1,"create:gearbox":18,"minecraft:mangrove_leaves":7,"luminousworld:ishstone":31,"enchantinginfuser:advanced_enchanting_infuser":4,"minecraft:gravel":7,"minecraft:dripstone_block":2,"minecraft:cobweb":44,"minecraft:polished_blackstone":8,"minecraft:stone_bricks":62,"minecraft:gold_ore":6,"create:andesite_funnel":1,"minecraft:chipped_anvil":2,"minecraft:fern":15,"create:deepslate_zinc_ore":143,"minecraft:cobblestone_stairs":4,"minecraft:brewing_stand":1,"minecraft:grass_block":262,"iceandfire:lectern":2,"minecraft:soul_soil":1,"minecraft:frosted_ice":1,"refinedstorage:grid":1,"minecraft:raw_iron_block":8,"minecraft:glowstone":17,"supplementaries:ash":1,"minecraft:red_nether_brick_stairs":2,"minecraft:iron_ore":200,"minecraft:black_carpet":4,"iceandfire:chared_cobblestone":5,"luminousworld:creepbush":1,"minecraft:deepslate_redstone_ore":63,"ecologics:pot":1,"minecraft:blackstone":9,"minecraft:bamboo_stairs":2,"minecraft:calcite":4,"minecraft:chest":20,"minecraft:nether_quartz_ore":74,"minecraft:cobblestone":210,"minecraft:oak_planks":12,"placeablesmod:bread_full_block":10,"refinedstorage:disk_drive":2,"minecraft:wall_torch":21,"create:large_water_wheel":1,"minecraft:dark_oak_slab":6,"create:rope_pulley":1,"minecraft:oak_log":14,"minecraft:lime_terracotta":8,"minecraft:sand":373,"minecraft:dirt":145,"create:encased_chain_drive":17,"minecraft:tripwire_hook":1,"minecraft:raw_copper_block":1,"minecraft:netherrack":167,"luminousworld:savannah_grass_4":3,"create:crimsite":2,"minecraft:oak_leaves":55,"minecraft:emerald_block":2,"iceandfire:chared_stone":2,"minecraft:nether_gold_ore":6,"alexscaves:spelunkery_table":1,"minecraft:red_carpet":1,"minecraft:tuff":39,"minecraft:candle":1,"minecraft:deepslate_diamond_ore":13,"minecraft:blackstone_wall":2,"minecraft:mangrove_roots":1,"born_in_chaos_v1:infected_diamond_ore":4,"create:large_cogwheel":12,"create:depot":2,"quark:jungle_chest":13,"iceandfire:chared_dirt":1,"minecraft:sandstone":467,"minecraft:cracked_nether_bricks":5,"quark:jasper":1,"minecraft:crimson_stem":19,"iceandfire:chared_grass":3,"minecraft:hay_block":118,"minecraft:furnace":4,"luminousworld:yellow_grassflowers":1,"create:white_sail":2,"create:scorchia":4,"create:windmill_bearing":1,"minecraft:nether_brick_fence":2,"minecraft:bookshelf":34,"minecraft:deepslate_iron_ore":84,"minecraft:stripped_jungle_log":2,"minecraft:stone":260,"minecraft:basalt":122,"minecraft:crafting_table":9,"luminousworld:savannah_grass_1":1,"minecraft:lectern":7,"minecraft:lapis_ore":18,"supplementaries:urn":51,"create:mechanical_harvester":3,"minecraft:polished_blackstone_slab":1,"minecraft:polished_blackstone_stairs":5,"iceandfire:ash":9,"minecraft:yellow_bed":7,"minecraft:coal_ore":162,"minecraft:gray_carpet":2,"minecraft:polished_andesite":5,"minecraft:small_dripleaf":1,"create:andesite_encased_shaft":5},"minecraft:crafted":{"minecraft:chainmail_helmet":8,"minecraft:oak_sign":6,"iceandfire:frost_lily":12,"minecraft:blaze_powder":2,"minecraft:bookshelf":19,"create:vertical_gearbox":4,"minecraft:glass":53,"create:andesite_funnel":2,"minecraft:diamond_leggings":1,"refinedstorage:crafting_grid":1,"create:mechanical_press":2,"refinedstorage:grid":1,"refinedstorage:processor_binding":32,"create:brass_funnel":2,"create:cogwheel":50,"torchmaster:megatorch":2,"refinedstorage:raw_advanced_processor":2,"create:rose_quartz":4,"minecraft:emerald":85,"enchantinginfuser:enchanting_infuser":1,"minecraft:smithing_table":1,"minecraft:copper_ingot":72,"create:mechanical_mixer":1,"create:gearbox":6,"create:encased_fan":2,"minecraft:bamboo_planks":36,"quark:oak_chest":1,"minecraft:iron_pickaxe":5,"minecraft:iron_block":5,"minecraft:gold_ingot":34,"minecraft:sandstone":87,"create:large_cogwheel":15,"create:propeller":2,"refinedstorage:machine_casing":2,"minecraft:jungle_sign":3,"create:wrench":1,"minecraft:iron_nugget":9,"create:white_sail":22,"iceandfire:dragonbone_sword_fire":1,"quark:jungle_chest":10,"minecraft:bone_meal":207,"minecraft:bamboo_stairs":12,"minecraft:stone_pickaxe":1,"minecraft:diamond_boots":1,"create:electron_tube":4,"minecraft:dark_oak_planks":20,"create:belt_connector":10,"create:windmill_bearing":2,"minecraft:chainmail_leggings":1,"minecraft:wheat":945,"iceandfire:dragonbone_sword":1,"iceandfire:dragon_ice_spikes":14,"minecraft:enchanting_table":1,"minecraft:dried_kelp":128,"create:goggles":1,"minecraft:sandstone_slab":42,"sophisticatedbackpacks:gold_backpack":2,"refinedstorage:raw_improved_processor":6,"minecraft:enchanted_book":8,"refinedstorage:raw_basic_processor":14,"minecraft:iron_shovel":1,"create:shaft":248,"refinedstorage:improved_processor":6,"iceandfire:armor_bronze_leggings":1,"minecraft:oak_planks":168,"minecraft:cobblestone_slab":12,"minecraft:dark_oak_boat":1,"minecraft:stone":9,"create:mechanical_harvester":3,"create:deployer":3,"minecraft:bamboo_block":18,"minecraft:hopper":1,"minecraft:iron_boots":1,"minecraft:raw_copper":72,"refinedstorage:4k_storage_part":3,"minecraft:chest":2,"refinedstorage:disk_drive":1,"create:brass_hand":3,"iceandfire:manuscript":100,"minecraft:smoker":1,"create:depot":1,"minecraft:cauldron":1,"minecraft:crafting_table":4,"create:mechanical_saw":6,"minecraft:wooden_pickaxe":1,"minecraft:iron_helmet":1,"minecraft:brown_dye":1,"create:zinc_nugget":270,"create:sand_paper":1,"refinedstorage:basic_processor":14,"enchantinginfuser:advanced_enchanting_infuser":1,"minecraft:iron_chestplate":1,"minecraft:paper":3,"minecraft:diamond_pickaxe":2,"create:water_wheel":2,"create:super_glue":1,"create:portable_storage_interface":4,"minecraft:stick":600,"minecraft:iron_ingot":143,"minecraft:shears":1,"create:empty_blaze_burner":1,"minecraft:polished_andesite":4,"create:chute":8,"minecraft:raw_iron":72,"refinedstorage:16k_storage_disk":1,"refinedstorage:16k_storage_part":1,"minecraft:furnace":5,"refinedstorage:quartz_enriched_iron":40,"minecraft:flint_and_steel":1,"refinedstorage:advanced_processor":2,"refinedstorage:destruction_core":1,"minecraft:leather":19,"minecraft:iron_axe":2,"minecraft:iron_hoe":1,"refinedstorage:silicon":58,"create:basin":2,"refinedstorage:1k_storage_part":9,"minecraft:sugar":14,"minecraft:crimson_planks":76,"create:andesite_alloy":139,"minecraft:diamond_sword":1,"minecraft:iron_sword":2,"create:large_water_wheel":1,"minecraft:mangrove_planks":88,"minecraft:bucket":2,"minecraft:stone_axe":1,"minecraft:air":0,"iceandfire:dragonbone_pickaxe":1,"minecraft:bread":477,"minecraft:jungle_planks":504,"minecraft:blue_dye":1,"minecraft:white_wool":4,"create:whisk":1,"iceandfire:stymphalian_bird_dagger":1,"refinedstorage:construction_core":1,"minecraft:stonecutter":3,"minecraft:anvil":1,"minecraft:torch":316,"minecraft:crying_obsidian":6,"create:zinc_ingot":66,"iceandfire:armor_green_boots":1,"minecraft:diamond_chestplate":2},"minecraft:killed_by":{"undead_revamp2:the_moonflower":1,"minecraft:zombie":1,"minecraft:cave_spider":2,"minecraft:blaze":1,"iceandfire:fire_dragon":4,"minecraft:player":1,"enemyexpansion:trollenraged":1},"minecraft:picked_up":{"minecraft:iron_chestplate":6,"minecraft:chainmail_boots":4,"minecraft:flower_pot":2,"minecraft:lead":3,"minecraft:diamond_sword":2,"minecraft:oak_stairs":3,"create:wrench":1,"minecraft:enchanted_book":8,"minecraft:golden_shovel":1,"minecraft:brewing_stand":2,"enchantinginfuser:advanced_enchanting_infuser":4,"refinedstorage:grid":1,"minecraft:polished_blackstone_brick_stairs":9,"minecraft:string":356,"iceandfire:dragonbone_pickaxe":1,"minecraft:soul_soil":1,"create:limestone":7,"minecraft:red_nether_bricks":9,"create:water_wheel":1,"minecraft:diamond_leggings":3,"minecraft:gold_nugget":102,"minecraft:cobbled_deepslate":298,"minecraft:melon_slice":22,"minecraft:mangrove_log":22,"minecraft:golden_helmet":1,"minecraft:polished_blackstone_stairs":19,"born_in_chaos_v1:shattered_skull":1,"minecraft:big_dripleaf":2,"create:andesite_casing":28,"iceandfire:lightning_dragon_flesh":3,"minecraft:cherry_log":1,"minecraft:warped_button":1,"refinedstorage:disk_drive":2,"alexsmobs:centipede_leg":1,"minecraft:green_terracotta":6,"minecraft:cauldron":2,"minecraft:stone_sword":5,"quark:clear_shard":14,"luminousworld:yellow_grassflowers":1,"minecraft:tropical_fish":1,"artifacts:villager_hat":1,"create:scoria":4,"minecraft:vex_armor_trim_smithing_template":4,"aether:chainmail_gloves":1,"minecraft:blackstone_wall":2,"iceandfire:deathworm_chitin_yellow":14,"iceandfire:fire_dragon_heart":7,"supplementaries:ash":190,"endrem:rogue_eye":1,"minecraft:blaze_rod":44,"minecraft:dune_armor_trim_smithing_template":2,"minecraft:cooked_beef":6,"minecraft:water_bucket":2,"minecraft:jungle_log":115,"create:rope_pulley":1,"minecraft:dark_oak_boat":7,"minecraft:copper_block":14,"minecraft:flint":5,"minecraft:lantern":1,"tombstone:familiar_receptacle":1,"create:encased_chain_drive":17,"supplementaries:cartographers_quill":1,"minecraft:chipped_anvil":2,"undead_revamp2:blacpetalblock":4,"minecraft:stonecutter":13,"create:goggles":1,"create:shaft":194,"artifacts:antidote_vessel":1,"minecraft:diamond_helmet":3,"minecraft:glowstone_dust":45,"minecraft:moss_block":1,"create:super_glue":1,"minecraft:chiseled_polished_blackstone":11,"minecraft:lime_terracotta":7,"create:empty_blaze_burner":1,"iceandfire:dragon_skull_fire":6,"iceandfire:stymphalian_bird_feather":103,"sophisticatedbackpacks:iron_backpack":3,"minecraft:dark_oak_log":24,"undead_revamp2:heavytooth":2,"iceandfire:chared_cobblestone":5,"quark:jasper":2,"minecraft:bundle":4,"minecraft:iron_hoe":6,"minecraft:polished_andesite":5,"alexsmobs:guster_eye":4,"create:crimsite":2,"supplementaries:bamboo_spikes":7,"iceandfire:lectern":2,"minecraft:granite":15,"minecraft:chainmail_helmet":13,"minecraft:bread":56,"born_in_chaos_v1:rotten_fish":1,"minecraft:dark_oak_fence":8,"minecraft:crimson_roots":27,"iceandfire:raw_silver":38,"minecraft:diamond_pickaxe":2,"luminousworld:groundpebbles_1":2,"minecraft:crafting_table":10,"minecraft:sandstone_slab":26,"iceandfire:witherbone":22,"minecraft:nether_wart":95,"minecraft:golden_pickaxe":1,"born_in_chaos_v1:charmof_resistance":1,"tombstone:scroll_of_preservation":1,"minecraft:flint_and_steel":1,"minecraft:netherite_scrap":2,"create:scorchia":4,"born_in_chaos_v1:intoxicating_decoction":1,"minecraft:iron_shovel":5,"refinedstorage:crafting_grid":2,"minecraft:polished_blackstone_wall":9,"create:brass_funnel":1,"iceandfire:armor_red_helmet":1,"born_in_chaos_v1:gnawed_bones":1,"minecraft:jungle_sapling":67,"minecraft:iron_nugget":177,"minecraft:chest":20,"minecraft:raw_copper_block":1,"minecraft:sandstone":722,"minecraft:stone":3,"quark:jungle_chest":13,"iceandfire:deathworm_chitin_white":20,"born_in_chaos_v1:pieceofdarkmetal":7,"minecraft:carrot":2,"minecraft:redstone":421,"create:vertical_gearbox":8,"minecraft:jungle_sign":5,"minecraft:shears":1,"minecraft:diamond_boots":3,"minecraft:hay_block":118,"minecraft:yellow_terracotta":1,"create:depot":2,"tombstone:essence_of_undeath":1,"minecraft:gold_ingot":65,"minecraft:totem_of_undying":3,"minecraft:polished_blackstone":39,"minecraft:glow_berries":3,"minecraft:white_wool":39,"minecraft:bone_block":28,"minecraft:bamboo_stairs":2,"create:iron_sheet":18,"create:brass_sheet":2,"iceandfire:sea_serpent_fang":7,"born_in_chaos_v1:monster_flesh":10,"luminousworld:ishstone":55,"minecraft:red_mushroom":2,"minecraft:oak_log":19,"iceandfire:armor_bronze_leggings":1,"alexsmobs:mosquito_proboscis":1,"minecraft:paper":4,"minecraft:apple":1,"minecraft:stone_bricks":109,"minecraft:kelp":1596,"minecraft:wild_armor_trim_smithing_template":2,"alexsmobs:cockroach_wing_fragment":1,"minecraft:stone_pickaxe":1,"minecraft:cobweb":8,"minecraft:glass_bottle":2,"minecraft:iron_sword":4,"minecraft:flowering_azalea":1,"create:mechanical_saw":8,"iceandfire:chared_stone":2,"minecraft:polished_andesite_stairs":36,"minecraft:smooth_basalt":56,"minecraft:dark_oak_slab":10,"born_in_chaos_v1:orbofthe_summoner":1,"born_in_chaos_v1:ethereal_spirit":15,"minecraft:cracked_nether_bricks":5,"minecraft:gravel":7,"born_in_chaos_v1:fangofthe_hound_leader":2,"minecraft:spruce_log":1,"create:gearbox":9,"minecraft:diamond_shovel":2,"minecraft:slime_ball":24,"minecraft:stone_axe":1,"minecraft:polished_blackstone_brick_wall":10,"iceandfire:ice_dragon_flesh":17,"create:portable_storage_interface":9,"minecraft:hopper":1,"minecraft:ender_pearl":11,"iceandfire:deathworm_egg":2,"minecraft:wheat":3,"minecraft:black_carpet":4,"minecraft:nether_brick_fence":2,"supplementaries:bomb_blue":1,"minecraft:potion":1,"iceandfire:myrmex_jungle_chitin":9,"minecraft:stone_brick_stairs":1,"born_in_chaos_v1:black_argillite":1,"minecraft:raw_copper":162,"aether:diamond_gloves":4,"minecraft:iron_leggings":5,"minecraft:experience_bottle":1,"create:sand_paper":1,"minecraft:oak_sign":12,"create:andesite_funnel":3,"born_in_chaos_v1:dark_metal_ingot":1,"alexsmobs:banana":2,"alexsmobs:blood_sac":12,"create:mechanical_press":2,"minecraft:smooth_stone":21,"minecraft:eye_armor_trim_smithing_template":4,"minecraft:cobblestone_slab":20,"minecraft:calcite":8,"minecraft:iron_pickaxe":2,"minecraft:iron_boots":1,"minecraft:furnace":4,"minecraft:tipped_arrow":1,"iceandfire:pixie_dust":9,"minecraft:stick":32,"create:mechanical_mixer":2,"born_in_chaos_v1:phantom_powder":1,"minecraft:torch":97,"minecraft:dried_kelp":46,"minecraft:pointed_dripstone":1,"tombstone:grave_dust":40,"minecraft:diorite":30,"born_in_chaos_v1:nightmare_claw":3,"create:large_cogwheel":21,"minecraft:rotten_flesh":183,"iceandfire:dragonegg_bronze":1,"supplementaries:antique_ink":2,"create:veridium":6,"minecraft:mangrove_roots":1,"minecraft:obsidian":27,"undead_revamp2:arapholia":1,"minecraft:blaze_powder":2,"minecraft:cobblestone":832,"luminousworld:savannah_ground":14,"minecraft:magma_cream":85,"minecraft:andesite":374,"iceandfire:armor_red_chestplate":2,"create:belt_connector":12,"minecraft:tuff":50,"create:raw_zinc":409,"supplementaries:flax_seeds":7,"minecraft:wither_skeleton_skull":2,"naturalist:lizard_tail":1,"minecraft:lapis_lazuli":453,"minecraft:dirt":1345,"iceandfire:dragonscales_bronze":5,"minecraft:name_tag":6,"born_in_chaos_v1:monster_skin":19,"minecraft:glass":31,"minecraft:bone":214,"iceandfire:myrmex_jungle_resin":3,"minecraft:bow":5,"minecraft:wheat_seeds":30,"minecraft:raw_gold":58,"minecraft:bamboo":26,"minecraft:oak_planks":12,"minecraft:cooked_porkchop":3,"minecraft:music_disc_13":3,"create:cogwheel":29,"earthmobsmod:harder_flesh":5,"minecraft:polished_blackstone_slab":2,"minecraft:sand":438,"minecraft:jungle_planks":7,"minecraft:nether_brick_stairs":13,"minecraft:mossy_cobblestone":2,"tombstone:scroll_of_mercy":1,"tombstone:familiar_stone":2,"minecraft:diamond":32,"iceandfire:fire_dragon_blood":4,"iceandfire:dragonbone_sword_fire":6,"alexsmobs:rattlesnake_rattle":2,"minecraft:crossbow":1,"minecraft:golden_apple":2,"minecraft:emerald":26,"minecraft:oak_sapling":33,"minecraft:netherrack":190,"create:white_sail":8,"minecraft:cocoa_beans":9,"minecraft:charcoal":4,"born_in_chaos_v1:diamond_termite_shard":16,"minecraft:allium":3,"minecraft:splash_potion":1,"born_in_chaos_v1:river_mint":6,"iceandfire:fire_lily":1,"minecraft:brown_mushroom":3,"iceandfire:chain":2,"minecraft:gold_block":26,"minecraft:chain":28,"create:mechanical_harvester":3,"minecraft:moss_carpet":1,"minecraft:iron_axe":15,"minecraft:item_frame":4,"create:chute":5,"minecraft:blackstone":17,"minecraft:candle":8,"tombstone:scroll_of_unstable_intangibility":1,"minecraft:dark_prismarine_stairs":1,"create:basin":7,"minecraft:light_gray_wool":6,"minecraft:lectern":7,"tombstone:dark_marble":3,"minecraft:sugar_cane":31,"iceandfire:dragonbone":121,"minecraft:raw_iron":483,"iceandfire:dragonscales_green":87,"create:golden_sheet":2,"minecraft:copper_ingot":426,"iceandfire:chared_grass":6,"minecraft:polished_blackstone_bricks":10,"create:windmill_bearing":1,"minecraft:cookie":10,"create:hand_crank":1,"minecraft:iron_horse_armor":1,"create:zinc_ingot":98,"minecraft:stone_pressure_plate":2,"create:deployer":3,"minecraft:arrow":58,"minecraft:nether_bricks":45,"iceandfire:chared_dirt":2,"alexscaves:spelunkery_table":1,"iceandfire:deathworm_red_boots":1,"minecraft:saddle":2,"refinedstorage:magenta_creative_controller":2,"minecraft:skeleton_skull":2,"born_in_chaos_v1:fused_bone":6,"born_in_chaos_v1:corpse_maggot":44,"minecraft:basalt":107,"minecraft:golden_carrot":6,"minecraft:glow_ink_sac":6,"minecraft:crimson_stem":19,"minecraft:leather":17,"quark:smithing_template_rune":1,"minecraft:crimson_fungus":2,"create:andesite_alloy":7,"minecraft:chainmail_chestplate":1,"minecraft:yellow_bed":7,"minecraft:gunpowder":94,"minecraft:cobblestone_stairs":4,"tombstone:voodoo_poppet":1,"minecraft:cooked_mutton":5,"minecraft:red_carpet":10,"minecraft:red_nether_brick_stairs":6,"minecraft:gray_carpet":2,"minecraft:iron_ingot":27,"iceandfire:sea_serpent_scales_deepblue":9,"minecraft:soul_sand":30,"minecraft:book":189,"minecraft:oak_slab":4,"create:large_water_wheel":1,"minecraft:emerald_block":2,"minecraft:bamboo_planks":4,"minecraft:dandelion":1,"iceandfire:ash":13,"minecraft:quartz":74,"minecraft:dripstone_block":2,"minecraft:raw_iron_block":8,"born_in_chaos_v1:dark_rod":2,"minecraft:amethyst_shard":6,"minecraft:blast_furnace":9,"minecraft:nether_brick_slab":4,"minecraft:green_carpet":1,"minecraft:spider_eye":131,"minecraft:stripped_jungle_log":2,"minecraft:dried_kelp_block":60,"create:brass_ingot":49,"minecraft:chainmail_leggings":2,"create:encased_fan":1,"minecraft:iron_helmet":2,"tombstone:magic_scroll":7,"minecraft:coal":395},"minecraft:custom":{"minecraft:interact_with_crafting_table":172,"minecraft:open_barrel":72,"minecraft:leave_game":27,"minecraft:time_since_death":212808,"minecraft:play_time":1372926,"minecraft:deaths":14,"minecraft:jump":13248,"tombstone:kill_undead_boss":1,"minecraft:enchant_item":33,"minecraft:interact_with_furnace":106,"minecraft:traded_with_villager":158,"minecraft:sleep_in_bed":31,"minecraft:damage_dealt":132940,"tombstone:undead_killed":164,"minecraft:interact_with_smoker":6,"minecraft:inspect_dispenser":7,"minecraft:interact_with_smithing_table":6,"minecraft:inspect_dropper":2,"minecraft:interact_with_anvil":26,"minecraft:inspect_hopper":3,"minecraft:damage_dealt_absorbed":867,"minecraft:sneak_time":13470,"minecraft:interact_with_blast_furnace":48,"minecraft:total_world_time":1372926,"tombstone:raider_killed":16,"minecraft:interact_with_stonecutter":6,"minecraft:time_since_rest":212591,"minecraft:swim_one_cm":72147,"minecraft:fly_one_cm":1759846,"minecraft:open_chest":602,"minecraft:fall_one_cm":299473,"minecraft:sprint_one_cm":1936990,"minecraft:drop":174,"minecraft:talked_to_villager":163,"minecraft:interact_with_brewingstand":2,"minecraft:walk_on_water_one_cm":189405,"minecraft:interact_with_loom":3,"minecraft:crouch_one_cm":28299,"minecraft:mob_kills":790,"minecraft:damage_dealt_resisted":2756,"minecraft:climb_one_cm":84581,"minecraft:walk_one_cm":3738389,"minecraft:walk_under_water_one_cm":59086,"minecraft:boat_one_cm":220482,"minecraft:damage_taken":21077,"minecraft:damage_absorbed":11},"minecraft:broken":{"minecraft:iron_sword":3,"aether:iron_gloves":1,"minecraft:iron_axe":3,"minecraft:stone_axe":1,"iceandfire:deathworm_red_boots":1},"minecraft:killed":{"illagerinvasion:archivist":1,"minecraft:cave_spider":205,"born_in_chaos_v1:restless_spirit":1,"born_in_chaos_v1:zombie_lumberjack":2,"enemyexpansion:equestrian":1,"minecraft:zombie_horse":3,"illagerinvasion:basher":3,"undead_revamp2:theswarmer":1,"minecraft:skeleton":21,"alexsmobs:leafcutter_ant":4,"alexsmobs:straddler":3,"alexsmobs:centipede_head":1,"undead_revamp2:thespitter":1,"illagerinvasion:necromancer":1,"iceandfire:myrmex_worker":4,"minecraft:magma_cube":165,"luminousworld:hollow":10,"born_in_chaos_v1:bone_imp":2,"undead_revamp2:theheavy":1,"born_in_chaos_v1:dread_hound_not_despawn":2,"minecraft:zombie":27,"born_in_chaos_v1:corpse_fly":7,"enemyexpansion:botfly":2,"alexsmobs:rain_frog":1,"minecraft:glow_squid":1,"born_in_chaos_v1:door_knight":1,"minecraft:cow":3,"minecraft:evoker":2,"minecraft:vindicator":5,"illagerinvasion:marauder":1,"born_in_chaos_v1:dire_hound_leader":1,"enemyexpansion:faller":3,"born_in_chaos_v1:spirit_guide":1,"minecraft:husk":3,"earthmobsmod:bouldering_zombie":1,"undead_revamp2:the_moonflower":15,"born_in_chaos_v1:decrepit_skeleton":2,"undead_revamp2:thesomnolence":11,"endermanoverhaul:cave_enderman":2,"naturalist:lizard":1,"minecraft:zombified_piglin":8,"minecraft:witch":1,"undead_revamp2:thesmoker":1,"minecraft:wither":1,"illagerinvasion:provoker":1,"minecraft:piglin_brute":28,"minecraft:piglin":7,"minecraft:zombie_villager":1,"born_in_chaos_v1:diamond_termite":10,"alexsmobs:stradpole":1,"illagerinvasion:alchemist":1,"alexsmobs:crimson_mosquito":11,"minecraft:sheep":4,"luminousworld:savannah_skeleton":4,"born_in_chaos_v1:dread_hound":1,"undead_revamp2:theskeeper":1,"luminousworld:dark_oak_zombie":2,"minecraft:blaze":72,"undead_revamp2:thegliter":4,"enemyexpansion:intruder":1,"enemyexpansion:direwolf":4,"minecraft:slime":1,"born_in_chaos_v1:maggot":16,"iceandfire:fire_dragon":1,"iceandfire:deathworm":1,"luminousworld:savannah_zombie":1,"born_in_chaos_v1:baby_skeleton":3,"naturalist:lizard_tail":1,"enemyexpansion:troll":1,"minecraft:hoglin":1,"enemyexpansion:huntsman":2,"minecraft:wither_skeleton":42,"enemyexpansion:slugger":2},"minecraft:used":{"create:deployer":6,"minecraft:polished_blackstone":38,"minecraft:black_carpet":4,"minecraft:chest":4,"minecraft:soul_sand":5,"create:white_sail":18,"create:depot":3,"minecraft:jungle_sapling":24,"minecraft:lava_bucket":2,"minecraft:polished_andesite_stairs":32,"minecraft:dark_oak_slab":2,"minecraft:stone_brick_stairs":1,"create:andesite_funnel":5,"minecraft:dark_oak_boat":6,"create:shaft":44,"minecraft:oak_sapling":2,"minecraft:furnace":7,"minecraft:blackstone":3,"minecraft:wooden_pickaxe":15,"iceandfire:stymphalian_bird_dagger":19,"minecraft:sand":8,"minecraft:blast_furnace":7,"born_in_chaos_v1:monster_flesh":1,"minecraft:lectern":7,"iceandfire:chared_cobblestone":2,"minecraft:diamond_sword":359,"create:basin":8,"minecraft:smithing_table":1,"refinedstorage:magenta_creative_controller":3,"create:limestone":4,"create:veridium":6,"refinedstorage:grid":1,"minecraft:netherrack":87,"minecraft:torch":324,"minecraft:anvil":1,"minecraft:nether_brick_stairs":8,"born_in_chaos_v1:supreme_measure":1,"minecraft:chipped_anvil":2,"create:wrench":13,"create:gearbox":10,"minecraft:iron_axe":594,"minecraft:jungle_log":23,"iceandfire:armor_bronze_leggings":3,"minecraft:totem_of_undying":1,"minecraft:diamond_chestplate":2,"minecraft:smooth_basalt":13,"minecraft:basalt":27,"torchmaster:megatorch":2,"tombstone:gift":7,"iceandfire:armor_green_boots":2,"minecraft:cobbled_deepslate":28,"create:belt_connector":16,"minecraft:calcite":2,"minecraft:water_bucket":116,"minecraft:cauldron":1,"create:blaze_burner":1,"minecraft:polished_blackstone_bricks":5,"create:encased_fan":3,"minecraft:crafting_table":13,"minecraft:spruce_log":1,"minecraft:oak_log":9,"minecraft:diamond_pickaxe":1522,"minecraft:diamond_shovel":642,"iceandfire:dragonbone_sword_fire":982,"minecraft:iron_pickaxe":508,"refinedstorage:crafting_grid":3,"minecraft:green_carpet":1,"minecraft:cobblestone":399,"minecraft:potion":1,"minecraft:cooked_porkchop":27,"minecraft:sandstone_slab":22,"quark:oak_chest":1,"minecraft:kelp":88,"minecraft:moss_carpet":1,"minecraft:iron_shovel":60,"create:portable_storage_interface":11,"minecraft:iron_sword":752,"minecraft:iron_chestplate":2,"create:cogwheel":41,"minecraft:jungle_planks":5,"minecraft:nether_bricks":17,"minecraft:tuff":2,"enchantinginfuser:advanced_enchanting_infuser":5,"minecraft:obsidian":22,"minecraft:glass":2,"born_in_chaos_v1:corpse_maggot":1,"minecraft:stone_bricks":37,"iceandfire:deathworm_red_boots":1,"minecraft:mangrove_roots":1,"refinedstorage:disk_drive":3,"minecraft:polished_blackstone_stairs":7,"iceandfire:armor_red_helmet":2,"minecraft:chiseled_polished_blackstone":4,"minecraft:wither_skeleton_skull":1,"minecraft:stone_pickaxe":47,"minecraft:gray_carpet":2,"minecraft:oak_planks":1,"minecraft:sandstone":258,"luminousworld:groundpebbles_1":1,"iceandfire:armor_red_chestplate":2,"create:mechanical_saw":12,"minecraft:bamboo_stairs":14,"minecraft:white_wool":2,"minecraft:shears":15,"luminousworld:creepberries":1,"minecraft:dark_oak_log":2,"minecraft:bread":288,"tombstone:grave_key":4,"minecraft:gravel":3,"minecraft:andesite":26,"create:large_cogwheel":22,"create:vertical_gearbox":13,"minecraft:bone_meal":189,"minecraft:experience_bottle":1,"minecraft:flint_and_steel":11,"minecraft:dried_kelp":4,"quark:jungle_chest":14,"minecraft:dirt":100,"create:mechanical_mixer":3,"minecraft:hopper":2,"create:chute":3,"minecraft:iron_hoe":121,"minecraft:bookshelf":19,"minecraft:iron_boots":1,"minecraft:crimson_planks":76,"minecraft:golden_carrot":3,"minecraft:emerald_block":2,"alexsmobs:banana":39,"minecraft:cooked_beef":1,"iceandfire:dragonbone_pickaxe":1440,"minecraft:bamboo_planks":14,"minecraft:iron_leggings":1,"iceandfire:fire_dragon_flesh":15,"minecraft:cobblestone_stairs":2,"minecraft:polished_andesite":5,"create:empty_blaze_burner":1,"minecraft:stonecutter":16,"minecraft:cobblestone_slab":8,"create:brass_funnel":1,"create:mechanical_harvester":6,"minecraft:smoker":1,"create:mechanical_press":5,"create:windmill_bearing":3,"iceandfire:ash":1,"create:large_water_wheel":2,"minecraft:stone_axe":93,"minecraft:bucket":118,"minecraft:yellow_bed":7}},"DataVersion":3465}