{"stats":{"minecraft:picked_up":{"minecraft:black_carpet":4,"minecraft:iron_chestplate":2,"minecraft:wheat":2,"minecraft:lead":2,"minecraft:oak_stairs":3,"minecraft:enchanted_book":5,"iceandfire:myrmex_jungle_chitin":6,"born_in_chaos_v1:black_argillite":1,"minecraft:string":49,"minecraft:raw_copper":150,"minecraft:iron_leggings":1,"minecraft:experience_bottle":1,"create:andesite_funnel":2,"alexsmobs:blood_sac":1,"minecraft:cobbled_deepslate":34,"create:mechanical_press":2,"alexsmobs:banana":1,"minecraft:melon_slice":11,"minecraft:mangrove_log":22,"minecraft:iron_boots":1,"minecraft:furnace":1,"minecraft:stick":21,"create:mechanical_mixer":2,"minecraft:big_dripleaf":2,"minecraft:torch":30,"create:andesite_casing":28,"minecraft:dried_kelp":46,"tombstone:grave_dust":3,"minecraft:diorite":11,"create:large_cogwheel":13,"quark:clear_shard":8,"minecraft:rotten_flesh":64,"minecraft:tropical_fish":1,"artifacts:villager_hat":1,"create:scoria":1,"minecraft:vex_armor_trim_smithing_template":2,"minecraft:mangrove_roots":1,"supplementaries:ash":67,"minecraft:obsidian":24,"undead_revamp2:arapholia":1,"minecraft:cobblestone":158,"luminousworld:savannah_ground":14,"minecraft:cooked_beef":6,"minecraft:andesite":341,"minecraft:water_bucket":2,"minecraft:jungle_log":114,"minecraft:dark_oak_boat":6,"iceandfire:armor_red_chestplate":1,"create:belt_connector":5,"minecraft:flint":1,"minecraft:tuff":8,"create:raw_zinc":93,"supplementaries:flax_seeds":3,"naturalist:lizard_tail":1,"minecraft:lapis_lazuli":61,"minecraft:dirt":180,"minecraft:lantern":1,"minecraft:name_tag":2,"born_in_chaos_v1:monster_skin":2,"supplementaries:cartographers_quill":1,"minecraft:bone":31,"minecraft:chipped_anvil":1,"undead_revamp2:blacpetalblock":1,"iceandfire:myrmex_jungle_resin":2,"minecraft:wheat_seeds":10,"minecraft:raw_gold":7,"create:shaft":35,"artifacts:antidote_vessel":1,"minecraft:diamond_helmet":1,"minecraft:bamboo":2,"minecraft:moss_block":1,"minecraft:oak_planks":8,"minecraft:music_disc_13":2,"create:cogwheel":13,"create:empty_blaze_burner":1,"iceandfire:dragon_skull_fire":1,"minecraft:sand":80,"minecraft:jungle_planks":5,"sophisticatedbackpacks:iron_backpack":1,"minecraft:nether_brick_stairs":1,"minecraft:dark_oak_log":23,"minecraft:mossy_cobblestone":1,"minecraft:bundle":1,"minecraft:iron_hoe":1,"supplementaries:bamboo_spikes":7,"iceandfire:lectern":1,"minecraft:granite":4,"minecraft:golden_apple":1,"minecraft:emerald":11,"minecraft:bread":47,"minecraft:oak_sapling":16,"minecraft:netherrack":63,"create:white_sail":2,"iceandfire:raw_silver":10,"minecraft:diamond_pickaxe":1,"luminousworld:groundpebbles_1":1,"born_in_chaos_v1:diamond_termite_shard":1,"minecraft:crafting_table":10,"minecraft:allium":3,"iceandfire:fire_lily":1,"iceandfire:chain":2,"create:mechanical_harvester":3,"minecraft:moss_carpet":1,"minecraft:iron_axe":3,"minecraft:item_frame":3,"create:chute":2,"minecraft:blackstone":1,"iceandfire:armor_red_helmet":1,"born_in_chaos_v1:gnawed_bones":1,"create:basin":7,"minecraft:jungle_sapling":33,"minecraft:iron_nugget":49,"minecraft:light_gray_wool":3,"minecraft:lectern":7,"minecraft:sugar_cane":24,"minecraft:chest":2,"minecraft:raw_iron":134,"iceandfire:dragonbone":25,"iceandfire:chared_grass":3,"quark:jungle_chest":10,"create:windmill_bearing":1,"minecraft:redstone":59,"create:vertical_gearbox":8,"create:deployer":3,"minecraft:arrow":11,"minecraft:nether_bricks":1,"iceandfire:chared_dirt":1,"minecraft:hay_block":118,"create:depot":2,"iceandfire:deathworm_red_boots":1,"minecraft:gold_ingot":1,"minecraft:totem_of_undying":3,"minecraft:glow_berries":2,"minecraft:skeleton_skull":1,"minecraft:white_wool":24,"born_in_chaos_v1:corpse_maggot":13,"create:iron_sheet":16,"minecraft:basalt":1,"born_in_chaos_v1:monster_flesh":2,"luminousworld:ishstone":11,"minecraft:leather":1,"minecraft:red_mushroom":2,"minecraft:oak_log":15,"iceandfire:armor_bronze_leggings":1,"minecraft:yellow_bed":5,"minecraft:gunpowder":51,"minecraft:cobblestone_stairs":2,"tombstone:voodoo_poppet":1,"minecraft:paper":2,"minecraft:cooked_mutton":5,"minecraft:red_carpet":5,"minecraft:stone_bricks":15,"minecraft:apple":1,"minecraft:gray_carpet":2,"minecraft:kelp":1569,"minecraft:iron_ingot":25,"minecraft:glass_bottle":2,"minecraft:iron_sword":2,"minecraft:flowering_azalea":1,"create:mechanical_saw":7,"minecraft:book":91,"minecraft:oak_slab":3,"minecraft:smooth_basalt":14,"create:large_water_wheel":1,"minecraft:emerald_block":2,"born_in_chaos_v1:ethereal_spirit":4,"iceandfire:ash":10,"minecraft:quartz":13,"minecraft:gravel":2,"minecraft:blast_furnace":2,"minecraft:spruce_log":1,"minecraft:green_carpet":1,"create:gearbox":8,"minecraft:stripped_jungle_log":1,"minecraft:dried_kelp_block":1,"minecraft:chainmail_leggings":1,"create:encased_fan":1,"minecraft:iron_helmet":1,"create:portable_storage_interface":8,"tombstone:magic_scroll":1,"minecraft:coal":109,"minecraft:hopper":1,"minecraft:ender_pearl":3},"minecraft:crafted":{"minecraft:oak_planks":12,"iceandfire:frost_lily":12,"minecraft:dark_oak_boat":1,"create:mechanical_harvester":3,"create:deployer":3,"create:vertical_gearbox":4,"minecraft:glass":14,"minecraft:hopper":1,"create:andesite_funnel":2,"minecraft:iron_boots":1,"minecraft:raw_copper":72,"create:mechanical_press":2,"minecraft:chest":2,"create:brass_funnel":2,"create:cogwheel":50,"iceandfire:manuscript":100,"create:brass_hand":3,"minecraft:smoker":1,"torchmaster:megatorch":1,"create:depot":1,"create:rose_quartz":4,"minecraft:emerald":5,"minecraft:crafting_table":3,"create:mechanical_saw":5,"minecraft:wooden_pickaxe":1,"create:zinc_nugget":270,"minecraft:copper_ingot":69,"create:sand_paper":1,"create:mechanical_mixer":1,"create:gearbox":6,"create:encased_fan":2,"minecraft:paper":3,"create:water_wheel":2,"minecraft:diamond_pickaxe":1,"create:super_glue":1,"create:portable_storage_interface":4,"minecraft:stick":208,"quark:oak_chest":1,"minecraft:iron_ingot":143,"minecraft:iron_pickaxe":5,"minecraft:iron_block":2,"minecraft:gold_ingot":34,"create:large_cogwheel":15,"create:propeller":2,"minecraft:shears":1,"create:empty_blaze_burner":1,"minecraft:polished_andesite":4,"create:chute":8,"create:wrench":1,"minecraft:iron_nugget":9,"create:white_sail":22,"quark:jungle_chest":9,"minecraft:furnace":3,"minecraft:bone_meal":63,"minecraft:flint_and_steel":1,"minecraft:leather":6,"minecraft:iron_axe":2,"minecraft:iron_hoe":1,"minecraft:stone_pickaxe":1,"create:basin":2,"create:electron_tube":4,"minecraft:dark_oak_planks":20,"create:belt_connector":10,"create:windmill_bearing":2,"minecraft:wheat":576,"minecraft:sugar":14,"create:andesite_alloy":139,"iceandfire:dragon_ice_spikes":14,"minecraft:dried_kelp":128,"minecraft:iron_sword":1,"create:goggles":1,"create:large_water_wheel":1,"sophisticatedbackpacks:gold_backpack":2,"minecraft:mangrove_planks":88,"minecraft:bucket":2,"minecraft:stone_axe":1,"minecraft:bread":192,"minecraft:air":0,"minecraft:jungle_planks":284,"create:whisk":1,"minecraft:white_wool":2,"minecraft:iron_shovel":1,"create:shaft":248,"minecraft:torch":60,"create:zinc_ingot":66},"minecraft:killed":{"illagerinvasion:archivist":1,"minecraft:cave_spider":2,"minecraft:witch":1,"born_in_chaos_v1:restless_spirit":1,"minecraft:zombie_horse":2,"illagerinvasion:basher":2,"minecraft:skeleton":7,"alexsmobs:leafcutter_ant":4,"illagerinvasion:provoker":1,"undead_revamp2:thespitter":1,"illagerinvasion:necromancer":1,"iceandfire:myrmex_worker":4,"luminousworld:hollow":5,"born_in_chaos_v1:diamond_termite":1,"born_in_chaos_v1:dread_hound_not_despawn":2,"illagerinvasion:alchemist":1,"alexsmobs:crimson_mosquito":3,"minecraft:sheep":4,"luminousworld:savannah_skeleton":4,"minecraft:zombie":15,"born_in_chaos_v1:corpse_fly":6,"enemyexpansion:botfly":2,"alexsmobs:rain_frog":1,"undead_revamp2:theskeeper":1,"luminousworld:dark_oak_zombie":2,"minecraft:cow":3,"minecraft:evoker":2,"undead_revamp2:thegliter":3,"minecraft:vindicator":5,"illagerinvasion:marauder":1,"enemyexpansion:direwolf":1,"born_in_chaos_v1:maggot":6,"iceandfire:fire_dragon":1,"iceandfire:deathworm":1,"luminousworld:savannah_zombie":1,"born_in_chaos_v1:spirit_guide":1,"born_in_chaos_v1:baby_skeleton":1,"naturalist:lizard_tail":1,"undead_revamp2:the_moonflower":10,"born_in_chaos_v1:decrepit_skeleton":1,"undead_revamp2:thesomnolence":10,"naturalist:lizard":1},"minecraft:killed_by":{"undead_revamp2:the_moonflower":1,"minecraft:zombie":1,"iceandfire:fire_dragon":4,"minecraft:player":1,"enemyexpansion:trollenraged":1},"minecraft:dropped":{"naturalist:lizard_tail":1,"minecraft:cooked_beef":5,"minecraft:oak_log":1,"minecraft:lantern":1,"minecraft:leather":7,"sophisticatedbackpacks:gold_backpack":1,"minecraft:item_frame":2,"minecraft:music_disc_13":1,"born_in_chaos_v1:monster_flesh":1,"minecraft:jungle_sapling":5,"iceandfire:ash":7,"iceandfire:myrmex_jungle_chitin":3,"minecraft:bone":1,"iceandfire:dragon_ice_spikes":14,"minecraft:wheat":1,"undead_revamp2:arapholia":1,"minecraft:rotten_flesh":3,"iceandfire:fire_lily":1,"supplementaries:ash":1,"iceandfire:chain":1,"minecraft:gunpowder":20,"minecraft:jungle_log":42,"iceandfire:frost_lily":12,"create:basin":2,"minecraft:iron_ingot":1,"minecraft:bread":42,"minecraft:wheat_seeds":5,"minecraft:lead":1,"minecraft:apple":1,"minecraft:copper_ingot":168,"born_in_chaos_v1:gnawed_bones":1,"luminousworld:savannah_ground":14,"minecraft:iron_leggings":1,"minecraft:dried_kelp":111,"minecraft:oak_stairs":1,"minecraft:iron_axe":1,"minecraft:chainmail_leggings":1,"minecraft:kelp":1152,"minecraft:iron_boots":1,"minecraft:name_tag":1,"iceandfire:myrmex_jungle_resin":1,"minecraft:totem_of_undying":1,"minecraft:filled_map":1,"minecraft:allium":3,"create:zinc_ingot":72,"minecraft:diamond_pickaxe":1,"minecraft:iron_chestplate":3,"minecraft:oak_sapling":5,"minecraft:stone_bricks":2,"minecraft:vex_armor_trim_smithing_template":1},"minecraft:custom":{"minecraft:interact_with_crafting_table":98,"minecraft:open_barrel":9,"minecraft:leave_game":18,"minecraft:time_since_death":120455,"minecraft:sprint_one_cm":936189,"minecraft:drop":117,"minecraft:talked_to_villager":53,"minecraft:play_time":737196,"minecraft:deaths":9,"minecraft:interact_with_brewingstand":2,"minecraft:jump":5402,"minecraft:walk_on_water_one_cm":97835,"minecraft:interact_with_furnace":14,"minecraft:traded_with_villager":35,"minecraft:interact_with_loom":3,"minecraft:sleep_in_bed":23,"minecraft:damage_dealt":28035,"minecraft:crouch_one_cm":11936,"tombstone:undead_killed":54,"minecraft:interact_with_smoker":5,"minecraft:inspect_dispenser":7,"minecraft:inspect_dropper":2,"minecraft:mob_kills":138,"minecraft:inspect_hopper":3,"minecraft:damage_dealt_resisted":52,"minecraft:climb_one_cm":49822,"minecraft:walk_one_cm":1935494,"minecraft:sneak_time":6944,"minecraft:walk_under_water_one_cm":54715,"minecraft:boat_one_cm":220482,"minecraft:interact_with_blast_furnace":39,"minecraft:total_world_time":737196,"tombstone:raider_killed":15,"minecraft:time_since_rest":8227,"minecraft:damage_taken":8273,"minecraft:damage_absorbed":11,"minecraft:swim_one_cm":54598,"minecraft:fly_one_cm":588275,"minecraft:open_chest":337,"minecraft:fall_one_cm":100159},"minecraft:used":{"minecraft:moss_carpet":1,"create:deployer":6,"minecraft:iron_shovel":60,"minecraft:black_carpet":4,"create:portable_storage_interface":11,"minecraft:chest":4,"minecraft:iron_sword":399,"minecraft:iron_chestplate":2,"create:white_sail":18,"create:cogwheel":41,"minecraft:jungle_planks":5,"create:depot":3,"minecraft:obsidian":10,"minecraft:glass":2,"minecraft:jungle_sapling":20,"born_in_chaos_v1:corpse_maggot":1,"minecraft:stone_bricks":8,"create:andesite_funnel":5,"iceandfire:deathworm_red_boots":1,"minecraft:dark_oak_boat":6,"create:shaft":44,"minecraft:mangrove_roots":1,"minecraft:oak_sapling":2,"minecraft:furnace":2,"iceandfire:armor_red_helmet":1,"minecraft:stone_pickaxe":47,"minecraft:gray_carpet":2,"minecraft:oak_planks":1,"minecraft:wooden_pickaxe":15,"luminousworld:groundpebbles_1":1,"iceandfire:armor_red_chestplate":1,"create:mechanical_saw":11,"minecraft:white_wool":2,"minecraft:blast_furnace":2,"minecraft:shears":15,"luminousworld:creepberries":1,"minecraft:dark_oak_log":2,"born_in_chaos_v1:monster_flesh":1,"minecraft:bread":121,"minecraft:lectern":7,"tombstone:grave_key":3,"minecraft:gravel":3,"create:basin":8,"minecraft:andesite":26,"create:large_cogwheel":22,"create:vertical_gearbox":13,"minecraft:bone_meal":63,"minecraft:experience_bottle":1,"minecraft:flint_and_steel":8,"minecraft:dried_kelp":4,"quark:jungle_chest":14,"minecraft:netherrack":36,"minecraft:dirt":69,"minecraft:torch":78,"create:mechanical_mixer":3,"minecraft:hopper":2,"minecraft:nether_brick_stairs":1,"create:chute":3,"minecraft:iron_hoe":121,"born_in_chaos_v1:supreme_measure":1,"minecraft:chipped_anvil":1,"create:wrench":13,"create:gearbox":10,"minecraft:iron_axe":348,"minecraft:jungle_log":23,"iceandfire:armor_bronze_leggings":1,"minecraft:iron_boots":1,"minecraft:totem_of_undying":1,"minecraft:golden_carrot":3,"minecraft:emerald_block":2,"tombstone:gift":6,"alexsmobs:banana":14,"torchmaster:megatorch":1,"minecraft:cooked_beef":1,"minecraft:cobbled_deepslate":19,"create:belt_connector":16,"minecraft:iron_leggings":1,"minecraft:water_bucket":38,"minecraft:cobblestone_stairs":2,"create:empty_blaze_burner":1,"minecraft:polished_andesite":4,"create:blaze_burner":1,"create:encased_fan":3,"minecraft:crafting_table":13,"create:brass_funnel":1,"create:mechanical_harvester":6,"minecraft:spruce_log":1,"minecraft:smoker":1,"minecraft:oak_log":9,"minecraft:diamond_pickaxe":665,"create:mechanical_press":5,"create:windmill_bearing":3,"minecraft:iron_pickaxe":508,"iceandfire:ash":1,"create:large_water_wheel":2,"minecraft:stone_axe":93,"minecraft:green_carpet":1,"minecraft:cobblestone":140,"minecraft:potion":1,"minecraft:bucket":40,"minecraft:yellow_bed":5,"quark:oak_chest":1,"minecraft:kelp":88},"minecraft:mined":{"create:deepslate_zinc_ore":23,"create:andesite_casing":28,"minecraft:cobblestone_stairs":2,"minecraft:jungle_leaves":18,"minecraft:obsidian":24,"minecraft:granite":1,"minecraft:grass_block":125,"minecraft:jungle_log":111,"iceandfire:lectern":1,"create:belt":5,"minecraft:hopper":1,"luminousworld:savanna_grass_2":6,"minecraft:iron_ore":92,"minecraft:cobbled_deepslate":5,"minecraft:fire":18,"minecraft:black_carpet":4,"minecraft:deepslate_lapis_ore":10,"minecraft:nether_brick_stairs":1,"minecraft:oak_stairs":2,"create:mechanical_press":2,"minecraft:tripwire":13,"luminousworld:creepbush":1,"minecraft:deepslate_redstone_ore":9,"create:cogwheel":14,"minecraft:blackstone":1,"minecraft:kelp_plant":24,"minecraft:crimson_nylium":3,"minecraft:torch":2,"minecraft:blast_furnace":2,"minecraft:melon":2,"minecraft:chest":2,"create:scoria":1,"minecraft:dead_bush":3,"minecraft:glass":2,"minecraft:nether_quartz_ore":13,"minecraft:cobblestone":28,"minecraft:oak_planks":8,"minecraft:sugar_cane":25,"placeablesmod:bread_full_block":10,"minecraft:wall_torch":3,"create:large_water_wheel":1,"create:basin":5,"create:andesite_belt_funnel":3,"create:portable_storage_interface":8,"create:mechanical_mixer":2,"minecraft:grass":48,"minecraft:oak_log":14,"minecraft:sand":1,"minecraft:dirt":56,"minecraft:mangrove_log":23,"minecraft:smooth_basalt":16,"minecraft:tripwire_hook":1,"minecraft:netherrack":61,"luminousworld:savannah_grass_4":3,"minecraft:deepslate":25,"minecraft:oak_leaves":30,"minecraft:emerald_block":2,"create:zinc_ore":70,"minecraft:tuff":8,"minecraft:red_carpet":1,"iceandfire:silver_ore":9,"minecraft:mossy_cobblestone":1,"minecraft:dark_oak_log":23,"minecraft:mangrove_roots":1,"minecraft:nether_bricks":1,"born_in_chaos_v1:black_argillite":1,"create:large_cogwheel":12,"minecraft:jungle_planks":5,"create:depot":2,"create:encased_fan":1,"quark:jungle_chest":10,"iceandfire:chared_dirt":1,"minecraft:kelp":40,"iceandfire:chared_grass":3,"minecraft:hay_block":118,"minecraft:redstone_ore":4,"create:shaft":30,"minecraft:furnace":1,"minecraft:jungle_sapling":19,"supplementaries:bamboo_spikes":7,"create:white_sail":2,"placeablesmod:water_bucket_block":1,"minecraft:andesite":330,"create:windmill_bearing":1,"minecraft:bookshelf":31,"minecraft:deepslate_iron_ore":43,"minecraft:vine":17,"create:chute":2,"create:deployer":3,"minecraft:stripped_jungle_log":1,"luminousworld:groundpebbles_2":1,"minecraft:stone":133,"minecraft:white_wool":15,"minecraft:oak_slab":3,"minecraft:basalt":1,"minecraft:crafting_table":9,"luminousworld:savannah_grass_1":1,"minecraft:lectern":7,"minecraft:copper_ore":45,"minecraft:tall_grass":2,"minecraft:deepslate_gold_ore":7,"minecraft:diorite":11,"supplementaries:urn":22,"create:mechanical_saw":7,"create:blaze_burner":1,"create:mechanical_harvester":3,"create:gearbox":18,"iceandfire:ash":9,"minecraft:mangrove_leaves":7,"minecraft:yellow_bed":5,"minecraft:coal_ore":83,"luminousworld:ishstone":11,"minecraft:gravel":3,"minecraft:gray_carpet":2,"minecraft:cobweb":19,"minecraft:stone_bricks":15,"minecraft:small_dripleaf":1,"create:andesite_funnel":1,"minecraft:chipped_anvil":1,"minecraft:fern":14},"minecraft:broken":{"minecraft:stone_axe":1,"minecraft:iron_sword":1,"iceandfire:deathworm_red_boots":1,"minecraft:iron_axe":1}},"DataVersion":3465}