{"stats":{"minecraft:custom":{"minecraft:interact_with_crafting_table":38,"minecraft:open_barrel":9,"minecraft:leave_game":15,"minecraft:time_since_death":39282,"minecraft:sprint_one_cm":693124,"minecraft:drop":61,"minecraft:talked_to_villager":8,"minecraft:play_time":442433,"minecraft:deaths":6,"minecraft:jump":3357,"minecraft:interact_with_brewingstand":2,"minecraft:walk_on_water_one_cm":87262,"minecraft:interact_with_furnace":11,"minecraft:traded_with_villager":5,"minecraft:interact_with_loom":2,"minecraft:sleep_in_bed":12,"minecraft:damage_dealt":25391,"minecraft:crouch_one_cm":9140,"tombstone:undead_killed":49,"minecraft:interact_with_smoker":2,"minecraft:inspect_dispenser":7,"minecraft:inspect_dropper":2,"minecraft:mob_kills":128,"minecraft:damage_dealt_resisted":52,"minecraft:climb_one_cm":22464,"minecraft:walk_one_cm":1099298,"minecraft:sneak_time":4572,"minecraft:walk_under_water_one_cm":31975,"minecraft:boat_one_cm":220482,"minecraft:interact_with_blast_furnace":39,"minecraft:total_world_time":442433,"tombstone:raider_killed":15,"minecraft:time_since_rest":1714,"minecraft:damage_taken":5840,"minecraft:damage_absorbed":11,"minecraft:swim_one_cm":47412,"minecraft:fly_one_cm":415056,"minecraft:open_chest":138,"minecraft:fall_one_cm":59604},"minecraft:dropped":{"naturalist:lizard_tail":1,"minecraft:cooked_beef":5,"minecraft:oak_log":1,"minecraft:lantern":1,"minecraft:leather":7,"minecraft:item_frame":2,"minecraft:music_disc_13":1,"sophisticatedbackpacks:gold_backpack":1,"born_in_chaos_v1:monster_flesh":1,"minecraft:jungle_sapling":2,"iceandfire:myrmex_jungle_chitin":3,"minecraft:bone":1,"minecraft:wheat":1,"undead_revamp2:arapholia":1,"minecraft:rotten_flesh":1,"iceandfire:fire_lily":1,"supplementaries:ash":1,"minecraft:gunpowder":20,"minecraft:iron_ingot":1,"minecraft:bread":42,"minecraft:wheat_seeds":2,"minecraft:lead":1,"born_in_chaos_v1:gnawed_bones":1,"luminousworld:savannah_ground":14,"minecraft:iron_leggings":1,"minecraft:oak_stairs":1,"minecraft:iron_axe":1,"minecraft:iron_boots":1,"minecraft:name_tag":1,"iceandfire:myrmex_jungle_resin":1,"minecraft:totem_of_undying":1,"minecraft:filled_map":1,"minecraft:allium":3,"minecraft:iron_chestplate":3,"minecraft:diamond_pickaxe":1,"minecraft:oak_sapling":3,"minecraft:stone_bricks":2,"minecraft:vex_armor_trim_smithing_template":1},"minecraft:crafted":{"minecraft:dark_oak_boat":1,"minecraft:glass":2,"minecraft:iron_boots":1,"minecraft:raw_copper":72,"create:mechanical_press":1,"create:cogwheel":3,"minecraft:smoker":1,"create:depot":1,"minecraft:emerald":5,"minecraft:crafting_table":2,"minecraft:wooden_pickaxe":1,"create:zinc_nugget":180,"minecraft:copper_ingot":69,"minecraft:diamond_pickaxe":1,"create:water_wheel":2,"minecraft:stick":208,"minecraft:iron_ingot":143,"minecraft:iron_pickaxe":5,"minecraft:iron_block":1,"minecraft:gold_ingot":34,"create:large_cogwheel":3,"quark:jungle_chest":3,"minecraft:furnace":3,"minecraft:leather":6,"minecraft:iron_axe":1,"minecraft:iron_hoe":1,"minecraft:stone_pickaxe":1,"minecraft:dark_oak_planks":20,"minecraft:wheat":576,"minecraft:sugar":14,"create:andesite_alloy":90,"minecraft:iron_sword":1,"create:large_water_wheel":1,"sophisticatedbackpacks:gold_backpack":2,"minecraft:mangrove_planks":88,"minecraft:bucket":2,"minecraft:stone_axe":1,"minecraft:bread":192,"minecraft:air":0,"minecraft:jungle_planks":120,"create:shaft":16,"minecraft:torch":60,"create:zinc_ingot":66},"minecraft:killed":{"illagerinvasion:archivist":1,"minecraft:cave_spider":2,"minecraft:witch":1,"born_in_chaos_v1:restless_spirit":1,"minecraft:zombie_horse":2,"illagerinvasion:basher":2,"minecraft:skeleton":7,"alexsmobs:leafcutter_ant":4,"illagerinvasion:provoker":1,"undead_revamp2:thespitter":1,"illagerinvasion:necromancer":1,"iceandfire:myrmex_worker":4,"luminousworld:hollow":5,"born_in_chaos_v1:diamond_termite":1,"born_in_chaos_v1:dread_hound_not_despawn":2,"illagerinvasion:alchemist":1,"minecraft:sheep":4,"luminousworld:savannah_skeleton":4,"minecraft:zombie":14,"born_in_chaos_v1:corpse_fly":6,"enemyexpansion:botfly":2,"undead_revamp2:theskeeper":1,"luminousworld:dark_oak_zombie":2,"minecraft:cow":3,"minecraft:evoker":2,"undead_revamp2:thegliter":3,"minecraft:vindicator":5,"illagerinvasion:marauder":1,"enemyexpansion:direwolf":1,"born_in_chaos_v1:maggot":6,"iceandfire:fire_dragon":1,"iceandfire:deathworm":1,"luminousworld:savannah_zombie":1,"born_in_chaos_v1:spirit_guide":1,"born_in_chaos_v1:baby_skeleton":1,"naturalist:lizard_tail":1,"undead_revamp2:the_moonflower":6,"born_in_chaos_v1:decrepit_skeleton":1,"undead_revamp2:thesomnolence":10,"naturalist:lizard":1},"minecraft:mined":{"create:deepslate_zinc_ore":23,"create:andesite_casing":6,"minecraft:cobblestone_stairs":2,"minecraft:jungle_leaves":3,"minecraft:obsidian":24,"minecraft:granite":1,"minecraft:grass_block":34,"minecraft:jungle_log":32,"iceandfire:lectern":1,"luminousworld:savanna_grass_2":6,"minecraft:iron_ore":92,"minecraft:cobbled_deepslate":5,"minecraft:fire":7,"minecraft:black_carpet":4,"minecraft:deepslate_lapis_ore":10,"minecraft:oak_stairs":2,"create:mechanical_press":2,"minecraft:tripwire":13,"minecraft:deepslate_redstone_ore":9,"minecraft:kelp_plant":18,"minecraft:torch":2,"minecraft:blast_furnace":2,"minecraft:melon":2,"minecraft:chest":2,"create:scoria":1,"minecraft:dead_bush":2,"minecraft:glass":2,"minecraft:cobblestone":21,"minecraft:sugar_cane":25,"minecraft:oak_planks":8,"placeablesmod:bread_full_block":10,"minecraft:wall_torch":3,"create:large_water_wheel":1,"minecraft:grass":25,"minecraft:oak_log":9,"minecraft:sand":1,"minecraft:dirt":15,"minecraft:mangrove_log":23,"minecraft:tripwire_hook":1,"luminousworld:savannah_grass_4":3,"minecraft:oak_leaves":4,"minecraft:deepslate":25,"minecraft:emerald_block":2,"create:zinc_ore":70,"minecraft:red_carpet":1,"minecraft:tuff":8,"iceandfire:silver_ore":9,"minecraft:mossy_cobblestone":1,"minecraft:dark_oak_log":23,"minecraft:mangrove_roots":1,"create:large_cogwheel":1,"born_in_chaos_v1:black_argillite":1,"create:depot":2,"quark:jungle_chest":2,"iceandfire:chared_dirt":1,"minecraft:kelp":13,"iceandfire:chared_grass":3,"minecraft:hay_block":118,"minecraft:redstone_ore":4,"create:shaft":3,"minecraft:furnace":1,"supplementaries:bamboo_spikes":7,"placeablesmod:water_bucket_block":1,"minecraft:andesite":250,"minecraft:bookshelf":31,"minecraft:deepslate_iron_ore":43,"minecraft:vine":6,"minecraft:stripped_jungle_log":1,"luminousworld:groundpebbles_2":1,"minecraft:stone":133,"minecraft:oak_slab":3,"minecraft:crafting_table":9,"luminousworld:savannah_grass_1":1,"minecraft:tall_grass":2,"minecraft:copper_ore":45,"minecraft:deepslate_gold_ore":7,"minecraft:diorite":11,"supplementaries:urn":22,"iceandfire:ash":1,"minecraft:mangrove_leaves":7,"minecraft:yellow_bed":5,"minecraft:coal_ore":66,"luminousworld:ishstone":11,"minecraft:gray_carpet":2,"minecraft:stone_bricks":5,"minecraft:small_dripleaf":1,"minecraft:chipped_anvil":1,"minecraft:fern":2},"minecraft:killed_by":{"iceandfire:fire_dragon":4,"enemyexpansion:trollenraged":1},"minecraft:used":{"minecraft:moss_carpet":1,"minecraft:black_carpet":4,"minecraft:chest":2,"minecraft:iron_sword":310,"minecraft:iron_chestplate":2,"create:cogwheel":8,"create:depot":3,"minecraft:glass":2,"born_in_chaos_v1:corpse_maggot":1,"minecraft:stone_bricks":2,"iceandfire:deathworm_red_boots":1,"minecraft:dark_oak_boat":6,"create:shaft":3,"minecraft:mangrove_roots":1,"minecraft:furnace":2,"iceandfire:armor_red_helmet":1,"minecraft:stone_pickaxe":47,"minecraft:gray_carpet":2,"minecraft:oak_planks":1,"minecraft:wooden_pickaxe":15,"luminousworld:groundpebbles_1":1,"iceandfire:armor_red_chestplate":1,"minecraft:white_wool":2,"minecraft:blast_furnace":2,"minecraft:dark_oak_log":2,"born_in_chaos_v1:monster_flesh":1,"minecraft:bread":91,"tombstone:grave_key":2,"create:large_cogwheel":5,"minecraft:experience_bottle":1,"quark:jungle_chest":5,"minecraft:torch":74,"minecraft:dirt":46,"minecraft:iron_hoe":121,"born_in_chaos_v1:supreme_measure":1,"minecraft:chipped_anvil":1,"minecraft:iron_axe":179,"iceandfire:armor_bronze_leggings":1,"minecraft:iron_boots":1,"minecraft:totem_of_undying":1,"minecraft:golden_carrot":3,"minecraft:emerald_block":2,"tombstone:gift":6,"minecraft:cooked_beef":1,"minecraft:cobbled_deepslate":19,"minecraft:iron_leggings":1,"minecraft:water_bucket":37,"minecraft:cobblestone_stairs":2,"minecraft:crafting_table":12,"minecraft:spruce_log":1,"minecraft:smoker":1,"minecraft:oak_log":6,"minecraft:diamond_pickaxe":326,"create:mechanical_press":3,"minecraft:iron_pickaxe":508,"create:large_water_wheel":2,"minecraft:stone_axe":93,"minecraft:green_carpet":1,"minecraft:cobblestone":131,"minecraft:potion":1,"minecraft:bucket":38,"minecraft:yellow_bed":5,"minecraft:kelp":60},"minecraft:picked_up":{"minecraft:wheat":2,"minecraft:iron_chestplate":2,"minecraft:black_carpet":4,"minecraft:lead":2,"minecraft:oak_stairs":3,"iceandfire:myrmex_jungle_chitin":6,"born_in_chaos_v1:black_argillite":1,"minecraft:string":26,"minecraft:raw_copper":150,"minecraft:iron_leggings":1,"minecraft:experience_bottle":1,"create:mechanical_press":2,"minecraft:cobbled_deepslate":34,"minecraft:melon_slice":11,"minecraft:iron_boots":1,"minecraft:mangrove_log":22,"minecraft:furnace":1,"minecraft:stick":14,"minecraft:big_dripleaf":2,"minecraft:torch":30,"create:andesite_casing":6,"tombstone:grave_dust":3,"minecraft:diorite":11,"create:large_cogwheel":1,"quark:clear_shard":8,"minecraft:rotten_flesh":56,"minecraft:tropical_fish":1,"create:scoria":1,"minecraft:vex_armor_trim_smithing_template":2,"minecraft:mangrove_roots":1,"supplementaries:ash":61,"minecraft:obsidian":24,"undead_revamp2:arapholia":1,"minecraft:cobblestone":152,"luminousworld:savannah_ground":14,"minecraft:cooked_beef":6,"minecraft:andesite":261,"minecraft:water_bucket":2,"minecraft:jungle_log":33,"minecraft:dark_oak_boat":6,"iceandfire:armor_red_chestplate":1,"minecraft:tuff":8,"create:raw_zinc":93,"supplementaries:flax_seeds":3,"naturalist:lizard_tail":1,"minecraft:lapis_lazuli":61,"minecraft:dirt":50,"minecraft:lantern":1,"minecraft:name_tag":2,"born_in_chaos_v1:monster_skin":2,"supplementaries:cartographers_quill":1,"minecraft:bone":31,"minecraft:chipped_anvil":1,"undead_revamp2:blacpetalblock":1,"iceandfire:myrmex_jungle_resin":2,"minecraft:wheat_seeds":7,"minecraft:raw_gold":7,"create:shaft":3,"artifacts:antidote_vessel":1,"minecraft:diamond_helmet":1,"minecraft:bamboo":2,"minecraft:moss_block":1,"minecraft:oak_planks":8,"minecraft:music_disc_13":2,"create:cogwheel":1,"iceandfire:dragon_skull_fire":1,"minecraft:sand":1,"sophisticatedbackpacks:iron_backpack":1,"minecraft:dark_oak_log":23,"minecraft:mossy_cobblestone":1,"minecraft:bundle":1,"minecraft:iron_hoe":1,"supplementaries:bamboo_spikes":7,"iceandfire:lectern":1,"minecraft:granite":4,"minecraft:golden_apple":1,"minecraft:emerald":11,"minecraft:bread":47,"minecraft:oak_sapling":12,"iceandfire:raw_silver":10,"minecraft:diamond_pickaxe":1,"born_in_chaos_v1:diamond_termite_shard":1,"luminousworld:groundpebbles_1":1,"minecraft:crafting_table":10,"minecraft:allium":3,"iceandfire:fire_lily":1,"minecraft:moss_carpet":1,"minecraft:iron_axe":2,"minecraft:item_frame":3,"iceandfire:armor_red_helmet":1,"born_in_chaos_v1:gnawed_bones":1,"minecraft:jungle_sapling":2,"minecraft:iron_nugget":49,"minecraft:sugar_cane":24,"minecraft:chest":2,"minecraft:raw_iron":134,"iceandfire:dragonbone":25,"iceandfire:chared_grass":3,"quark:jungle_chest":2,"minecraft:redstone":59,"minecraft:arrow":11,"iceandfire:chared_dirt":1,"minecraft:hay_block":118,"create:depot":2,"iceandfire:deathworm_red_boots":1,"minecraft:totem_of_undying":3,"minecraft:gold_ingot":1,"minecraft:glow_berries":2,"minecraft:skeleton_skull":1,"minecraft:white_wool":4,"born_in_chaos_v1:corpse_maggot":13,"create:iron_sheet":16,"born_in_chaos_v1:monster_flesh":2,"luminousworld:ishstone":11,"minecraft:leather":1,"minecraft:red_mushroom":2,"minecraft:oak_log":10,"iceandfire:armor_bronze_leggings":1,"minecraft:yellow_bed":5,"minecraft:gunpowder":51,"minecraft:cobblestone_stairs":2,"tombstone:voodoo_poppet":1,"minecraft:paper":2,"minecraft:cooked_mutton":5,"minecraft:red_carpet":5,"minecraft:apple":1,"minecraft:stone_bricks":5,"minecraft:gray_carpet":2,"minecraft:kelp":126,"minecraft:iron_ingot":25,"minecraft:glass_bottle":2,"minecraft:flowering_azalea":1,"minecraft:iron_sword":2,"minecraft:book":91,"minecraft:oak_slab":3,"create:large_water_wheel":1,"minecraft:emerald_block":2,"iceandfire:ash":1,"born_in_chaos_v1:ethereal_spirit":4,"minecraft:blast_furnace":2,"minecraft:spruce_log":1,"minecraft:green_carpet":1,"minecraft:stripped_jungle_log":1,"minecraft:iron_helmet":1,"tombstone:magic_scroll":1,"minecraft:coal":92,"minecraft:ender_pearl":3},"minecraft:broken":{"minecraft:stone_axe":1,"minecraft:iron_sword":1,"iceandfire:deathworm_red_boots":1}},"DataVersion":3465}